Unit,Subunit,Group,area_ha,mrb_dist,area,perimeter,fid,DN,Class_area,Class_percentage
Holland,Trap and Release Pasture,North,19.123,"1000",4929685.077758789993823,9995.330901150737191,9761,"6",899.874,0.018
No Name Knob,No Name Knob,South,6.791,"1000",4174546.430175781250000,8361.979467894785557,12172,"2",194047.886,4.648
No Name Knob,No Name Knob,South,6.791,"1000",4174546.430175781250000,8361.979467894785557,12336,"1",2405660.897,57.627
No Name Knob,No Name Knob,South,6.791,"1000",4174546.430175781250000,8361.979467894785557,12050,"4",341298.788,8.176
No Name Knob,No Name Knob,South,6.791,"1000",4174546.430175781250000,8361.979467894785557,12500,"3",674331.987,16.153
Doug Dot,Dot's Knob,South,3.880,"1000",3973548.473754882812500,7959.352299378589123,11514,"1",2715405.830,68.337
Doug Dot,Dot's Knob,South,3.880,"1000",3973548.473754882812500,7959.352299378589123,10731,"2",627043.590,15.780
Doug Dot,Dot's Knob,South,3.880,"1000",3973548.473754882812500,7959.352299378589123,10609,"3",64286.868,1.618
Doug Dot,Dot's Knob,South,3.880,"1000",3973548.473754882812500,7959.352299378589123,11639,"4",191289.980,4.814
Doug Dot,Dot's Knob,South,3.880,"1000",3973548.473754882812500,7959.352299378589123,12573,"5",33295.625,0.838
Eight Oaks,Eight Oaks,South,7.237,"1000",4645560.255371093750000,9415.832015561238222,11454,"7",301912.494,6.499
Doug Dot,Dot's Knob,South,3.880,"1000",3973548.473754882812500,7959.352299378589123,10654,"7",341683.120,8.599
Eight Oaks,Eight Oaks,South,7.237,"1000",4645560.255371093750000,9415.832015561238222,12495,"5",40267.788,0.867
Eight Oaks,Eight Oaks,South,7.237,"1000",4645560.255371093750000,9415.832015561238222,11639,"4",100899.778,2.172
Eight Oaks,Eight Oaks,South,7.237,"1000",4645560.255371093750000,9415.832015561238222,11515,"3",183949.861,3.960
Eight Oaks,Eight Oaks,South,7.237,"1000",4645560.255371093750000,9415.832015561238222,11716,"2",1306001.114,28.113
Eight Oaks,Eight Oaks,South,7.237,"1000",4645560.255371093750000,9415.832015561238222,11514,"1",2711877.449,58.376
Knittentail Knob,Knittentail Knob,South,12.527,"1000",4608441.770019531250000,9263.853645777951897,11985,"1",2378026.055,51.602
Tim's Knob,Tim's Knob,South,2.670,"1000",3784590.953613281250000,7575.524636428791382,12537,"1",2580189.299,68.176
Knittentail Knob,Knittentail Knob,South,12.527,"1000",4608441.770019531250000,9263.853645777951897,12133,"4",51998.031,1.128
Tim's Knob,Tim's Knob,South,2.670,"1000",3784590.953613281250000,7575.524636428791382,12389,"2",637369.503,16.841
Knittentail Knob,Knittentail Knob,South,12.527,"1000",4608441.770019531250000,9263.853645777951897,12495,"5",38803.479,0.842
Tim's Knob,Tim's Knob,South,2.670,"1000",3784590.953613281250000,7575.524636428791382,12500,"3",118586.046,3.133
Knittentail Knob,Knittentail Knob,South,12.527,"1000",4608441.770019531250000,9263.853645777951897,12192,"2",1349727.564,29.288
Tim's Knob,Tim's Knob,South,2.670,"1000",3784590.953613281250000,7575.524636428791382,12390,"4",80092.733,2.116
Knittentail Knob,Knittentail Knob,South,12.527,"1000",4608441.770019531250000,9263.853645777951897,12500,"3",477233.170,10.356
Tim's Knob,Tim's Knob,South,2.670,"1000",3784590.953613281250000,7575.524636428791382,12573,"5",43317.635,1.145
Tellabs,Tellabs Center,North,31.942,"1000",5416254.669311523437500,10835.609835948462205,11317,"5",24296.385,0.449
Tellabs,Tellabs Center,North,31.942,"1000",5416254.669311523437500,10835.609835948462205,10261,"4",19670.749,0.363
Tim's Knob,Tim's Knob,South,2.670,"1000",3784590.953613281250000,7575.524636428791382,12221,"7",324518.034,8.575
Tellabs,Tellabs Center,North,31.942,"1000",5416254.669311523437500,10835.609835948462205,10228,"3",1144496.142,21.131
Knittentail Knob,Knittentail Knob,South,12.527,"1000",4608441.770019531250000,9263.853645777951897,12221,"7",311994.647,6.770
Tellabs,Tellabs Center,North,31.942,"1000",5416254.669311523437500,10835.609835948462205,10365,"2",1869349.077,34.514
Coyote Point,Coyote Point,South,2.418,"1000",3784629.225097656250000,7572.789532542220513,12573,"5",39265.352,1.037
Tellabs,Tellabs Center,North,31.942,"1000",5416254.669311523437500,10835.609835948462205,10231,"1",1532050.424,28.286
Coyote Point,Coyote Point,South,2.418,"1000",3784629.225097656250000,7572.789532542220513,12133,"4",83173.226,2.198
Coyote Point,Coyote Point,South,2.418,"1000",3784629.225097656250000,7572.789532542220513,12221,"7",252278.077,6.666
Doug Dot,Doug Dot,South,20.801,"1000",5361643.614257812500000,10989.949475324712694,10529,"2",992664.528,18.514
Doug Dot,Doug's Knob,South,2.500,"1000",3748787.493774414062500,7506.212878145875948,12573,"5",35995.248,0.960
Main Unit Knobs,Main Unit Knobs,South,30.830,"1000",5940594.484497070312500,12416.612351739311634,12573,"5",62991.559,1.060
Doug Dot,Doug Dot,South,20.801,"1000",5361643.614257812500000,10989.949475324712694,10528,"1",3464156.377,64.610
Tellabs,Tellabs Center,North,31.942,"1000",5416254.669311523437500,10835.609835948462205,10229,"7",825557.611,15.242
Doug Dot,Doug's Knob,South,2.500,"1000",3748787.493774414062500,7506.212878145875948,11319,"7",328558.501,8.764
Main Unit Knobs,Main Unit Knobs,South,30.830,"1000",5940594.484497070312500,12416.612351739311634,12500,"3",847246.331,14.262
Coyote Point,Coyote Point,South,2.418,"1000",3784629.225097656250000,7572.789532542220513,12535,"1",2530644.664,66.866
Main Unit Knobs,Main Unit Knobs,South,30.830,"1000",5940594.484497070312500,12416.612351739311634,11987,"4",236203.430,3.976
Doug Dot,Doug's Knob,South,2.500,"1000",3748787.493774414062500,7506.212878145875948,11514,"1",2402411.680,64.085
Main Unit Knobs,Main Unit Knobs,South,30.830,"1000",5940594.484497070312500,12416.612351739311634,12336,"1",3104966.238,52.267
Coyote Point,Coyote Point,South,2.418,"1000",3784629.225097656250000,7572.789532542220513,12500,"3",55515.014,1.467
Doug Dot,Doug's Knob,South,2.500,"1000",3748787.493774414062500,7506.212878145875948,11263,"2",849833.705,22.670
Main Unit Knobs,Main Unit Knobs,South,30.830,"1000",5940594.484497070312500,12416.612351739311634,12172,"2",945478.368,15.916
Coyote Point,Coyote Point,South,2.418,"1000",3784629.225097656250000,7572.789532542220513,12192,"2",823229.699,21.752
Doug Dot,Doug's Knob,South,2.500,"1000",3748787.493774414062500,7506.212878145875948,11292,"3",30311.719,0.809
Doug Dot,Doug's Knob,South,2.500,"1000",3748787.493774414062500,7506.212878145875948,11639,"4",101158.694,2.698
Main Unit Knobs,Main Unit Knobs,South,30.830,"1000",5940594.484497070312500,12416.612351739311634,12082,"7",742910.957,12.506
No Name Knob,No Name Knob,South,6.791,"1000",4174546.430175781250000,8361.979467894785557,12573,"5",55317.520,1.325
No Name Knob,No Name Knob,South,6.791,"1000",4174546.430175781250000,8361.979467894785557,12027,"7",503347.642,12.058
Visitor Use Area,Visitor Use Area,South,11.235,"1000",4455684.489990234375000,8914.533439690676460,11689,"1",2691143.705,60.398
Clear Creek,Clear Creek Knolls,East,166.683,"1000",9113144.525024414062500,18434.612676313336124,8012,"3",4778529.353,52.436
Visitor Use Area,Visitor Use Area,South,11.235,"1000",4455684.489990234375000,8914.533439690676460,11639,"4",607548.385,13.635
Clear Creek,Clear Creek Knolls,East,166.683,"1000",9113144.525024414062500,18434.612676313336124,8632,"2",263303.572,2.889
Visitor Use Area,Visitor Use Area,South,11.235,"1000",4455684.489990234375000,8914.533439690676460,12573,"5",35995.248,0.808
Clear Creek,Clear Creek Knolls,East,166.683,"1000",9113144.525024414062500,18434.612676313336124,7982,"1",2424304.442,26.602
Visitor Use Area,Visitor Use Area,South,11.235,"1000",4455684.489990234375000,8914.533439690676460,11786,"2",139110.551,3.122
Visitor Use Area,Visitor Use Area,South,11.235,"1000",4455684.489990234375000,8914.533439690676460,11755,"3",531871.873,11.937
Coneflower,Coneflower,South,6.861,"1000",4356612.199096679687500,8761.238501276462557,12573,"5",45358.661,1.041
Bishop,Bishop South,East,11.427,"1000",4551074.564208984375000,9105.240959446746274,8214,"1",1838027.625,40.387
Coneflower,Coneflower,South,6.861,"1000",4356612.199096679687500,8761.238501276462557,11785,"7",433677.924,9.954
Bishop,Bishop South,East,11.427,"1000",4551074.564208984375000,9105.240959446746274,9071,"2",472712.561,10.387
Big_jump_center,Orland Center,North,24.973,"1000",5224155.739624023437500,10455.442022376093519,6599,"7",753701.258,14.427
Bishop,Bishop South,East,11.427,"1000",4551074.564208984375000,9105.240959446746274,8245,"3",1563514.726,34.355
Bishop,Bishop South,East,11.427,"1000",4551074.564208984375000,9105.240959446746274,9551,"4",136221.156,2.993
Big_jump_center,Orland Center,North,24.973,"1000",5224155.739624023437500,10455.442022376093519,6775,"5",259455.637,4.966
Big_jump_center,Orland Center,North,24.973,"1000",5224155.739624023437500,10455.442022376093519,9029,"6",2525.801,0.048
Big_jump_center,Orland Center,North,24.973,"1000",5224155.739624023437500,10455.442022376093519,6559,"3",602122.655,11.526
Bishop,Bishop South,East,11.427,"1000",4551074.564208984375000,9105.240959446746274,8074,"7",540043.881,11.866
Big_jump_center,Orland Center,North,24.973,"1000",5224155.739624023437500,10455.442022376093519,7673,"4",21706.339,0.415
Big_jump_center,Orland Center,North,24.973,"1000",5224155.739624023437500,10455.442022376093519,6650,"1",1301315.801,24.910
Big_jump_center,Orland Center,North,24.973,"1000",5224155.739624023437500,10455.442022376093519,6776,"2",2282559.481,43.692
Tellabs,Tellabs West,North,22.350,"1000",5086558.763427734375000,10176.252697330186493,11635,"5",24296.368,0.478
Tellabs,Tellabs West,North,22.350,"1000",5086558.763427734375000,10176.252697330186493,10211,"4",14799.295,0.291
Tellabs,Tellabs West,North,22.350,"1000",5086558.763427734375000,10176.252697330186493,10210,"7",888633.608,17.470
Tellabs,Tellabs West,North,22.350,"1000",5086558.763427734375000,10176.252697330186493,10293,"1",1069348.296,21.023
Tellabs,Tellabs West,North,22.350,"1000",5086558.763427734375000,10176.252697330186493,10228,"3",1469173.692,28.883
Tellabs,Tellabs West,North,22.350,"1000",5086558.763427734375000,10176.252697330186493,10291,"2",1619502.007,31.839
Visitor Use Area,Visitor Use Area,South,11.235,"1000",4455684.489990234375000,8914.533439690676460,11571,"7",449435.626,10.087
Holland,Holland West Savanna,North,9.720,"1000",4424329.151000976562500,8858.268249171464049,10015,"5",7500.646,0.170
Holland,Holland West Savanna,North,9.720,"1000",4424329.151000976562500,8858.268249171464049,9895,"7",691089.629,15.620
Holland,Holland West Savanna,North,9.720,"1000",4424329.151000976562500,8858.268249171464049,9928,"2",1511146.228,34.155
Holland,Holland West Savanna,North,9.720,"1000",4424329.151000976562500,8858.268249171464049,9929,"1",1646307.570,37.210
Stone Barn Prairie,Stone Barn Prairie,East,77.871,"1000",6908069.734008789062500,13977.479221848965608,10777,"2",51294.313,0.743
Holland,Holland West Savanna,North,9.720,"1000",4424329.151000976562500,8858.268249171464049,9909,"4",19159.246,0.433
Stone Barn Prairie,Stone Barn Prairie,East,77.871,"1000",6908069.734008789062500,13977.479221848965608,10737,"3",4864188.612,70.413
Holland,Holland West Savanna,North,9.720,"1000",4424329.151000976562500,8858.268249171464049,10049,"3",548446.874,12.396
Stone Barn Prairie,Stone Barn Prairie,East,77.871,"1000",6908069.734008789062500,13977.479221848965608,10562,"1",807646.310,11.691
Stone Barn Prairie,Stone Barn Prairie,East,77.871,"1000",6908069.734008789062500,13977.479221848965608,10560,"7",1012357.810,14.655
Stone Barn Prairie,Stone Barn Prairie,East,77.871,"1000",6908069.734008789062500,13977.479221848965608,10959,"4",171153.252,2.478
Stone Barn Prairie,Stone Barn Prairie,East,77.871,"1000",6908069.734008789062500,13977.479221848965608,12975,"5",721.115,0.010
Prairie Potholes,Prairie Potholes,South,26.588,"1000",5317480.450073242187500,10692.132010476709183,11716,"2",1208003.689,22.718
Prairie Potholes,Prairie Potholes,South,26.588,"1000",5317480.450073242187500,10692.132010476709183,11717,"3",245106.633,4.609
Prairie Potholes,Prairie Potholes,South,26.588,"1000",5317480.450073242187500,10692.132010476709183,11904,"1",3115815.413,58.596
Prairie Potholes,Prairie Potholes,South,26.588,"1000",5317480.450073242187500,10692.132010476709183,11688,"7",403745.777,7.593
Prairie Potholes,Prairie Potholes,South,26.588,"1000",5317480.450073242187500,10692.132010476709183,11847,"4",291460.037,5.481
Prairie Potholes,Prairie Potholes,South,26.588,"1000",5317480.450073242187500,10692.132010476709183,12573,"5",52623.767,0.990
Coneflower,Coneflower,South,6.861,"1000",4356612.199096679687500,8761.238501276462557,11786,"2",261082.788,5.993
Coneflower,Coneflower,South,6.861,"1000",4356612.199096679687500,8761.238501276462557,11787,"1",2820568.535,64.742
Coneflower,Coneflower,South,6.861,"1000",4356612.199096679687500,8761.238501276462557,11987,"4",394350.327,9.052
Coneflower,Coneflower,South,6.861,"1000",4356612.199096679687500,8761.238501276462557,11755,"3",400998.474,9.204
Seven Knobs,Seven Knobs,South,8.832,"1000",4978256.290039062500000,9962.822233870407217,11486,"7",348932.310,7.009
Seven Knobs,Seven Knobs,South,8.832,"1000",4978256.290039062500000,9962.822233870407217,12573,"5",35727.382,0.718
Seven Knobs,Seven Knobs,South,8.832,"1000",4978256.290039062500000,9962.822233870407217,11515,"3",168119.083,3.377
Seven Knobs,Seven Knobs,South,8.832,"1000",4978256.290039062500000,9962.822233870407217,11639,"4",476422.049,9.570
Seven Knobs,Seven Knobs,South,8.832,"1000",4978256.290039062500000,9962.822233870407217,11689,"1",2972136.581,59.702
Seven Knobs,Seven Knobs,South,8.832,"1000",4978256.290039062500000,9962.822233870407217,11716,"2",976241.984,19.610
Naylor Road,Naylor Road,South,13.595,"1000",4675707.781494140625000,9354.515504121356571,13272,"2",1115398.048,23.855
Naylor Road,Naylor Road,South,13.595,"1000",4675707.781494140625000,9354.515504121356571,13400,"3",466241.974,9.972
Naylor Road,Naylor Road,South,13.595,"1000",4675707.781494140625000,9354.515504121356571,13146,"1",1989603.172,42.552
Heinkel,West Heinkel,South,29.979,"1000",5281604.553344725631177,10620.994596102218566,12572,"4",134301.190,2.543
Heinkel,West Heinkel,South,29.979,"1000",5281604.553344725631177,10620.994596102218566,12571,"3",615321.870,11.650
Heinkel,West Heinkel,South,29.979,"1000",5281604.553344725631177,10620.994596102218566,12990,"5",29695.935,0.562
Heinkel,West Heinkel,South,29.979,"1000",5281604.553344725631177,10620.994596102218566,12640,"2",928575.209,17.581
Heinkel,West Heinkel,South,29.979,"1000",5281604.553344725631177,10620.994596102218566,12535,"1",2815789.080,53.313
Holland,Holland Prairie,North,130.804,"1000",9742863.721679687500000,19974.699156520517136,9068,"1",4210713.224,43.218
Holland,Holland Prairie,North,130.804,"1000",9742863.721679687500000,19974.699156520517136,9116,"2",1910838.327,19.613
Holland,Holland Prairie,North,130.804,"1000",9742863.721679687500000,19974.699156520517136,9118,"3",893035.122,9.166
Holland,Holland Prairie,North,130.804,"1000",9742863.721679687500000,19974.699156520517136,9801,"4",713552.310,7.324
Holland,Holland Prairie,North,130.804,"1000",9742863.721679687500000,19974.699156520517136,9348,"5",172036.076,1.766
Holland,Holland Prairie,North,130.804,"1000",9742863.721679687500000,19974.699156520517136,9305,"6",2699.620,0.028
Heinkel,West Heinkel,South,29.979,"1000",5281604.553344725631177,10620.994596102218566,12499,"7",757171.112,14.336
Holland,Holland Prairie,North,130.804,"1000",9742863.721679687500000,19974.699156520517136,8914,"7",1838613.537,18.871
Clear Creek,Clear Creek South,East,32.289,"1000",5536596.656738282181323,11076.356430454085057,10559,"7",703064.313,12.698
Naylor Road,Naylor Road,South,13.595,"1000",4675707.781494140625000,9354.515504121356571,13124,"7",837283.490,17.907
Naylor Road,Naylor Road,South,13.595,"1000",4675707.781494140625000,9354.515504121356571,13289,"4",239513.700,5.123
Hook Larson,Hook Larson,North,58.775,"1000",6812549.334594726562500,13634.956635422920954,9982,"1",3143453.464,46.142
Naylor Road,Naylor Road,South,13.595,"1000",4675707.781494140625000,9354.515504121356571,13702,"5",26996.311,0.577
Hook Larson,Hook Larson,North,58.775,"1000",6812549.334594726562500,13634.956635422920954,9910,"2",1871734.163,27.475
Hook Larson,Hook Larson,North,58.775,"1000",6812549.334594726562500,13634.956635422920954,9934,"3",565989.477,8.308
Hook Larson,Hook Larson,North,58.775,"1000",6812549.334594726562500,13634.956635422920954,10273,"4",251769.512,3.696
Hook Larson,Hook Larson,North,58.775,"1000",6812549.334594726562500,13634.956635422920954,9884,"5",35135.221,0.516
Hook Larson,Hook Larson,North,58.775,"1000",6812549.334594726562500,13634.956635422920954,9912,"7",943529.411,13.850
Heinkel,East Heinkel,South,36.979,"1000",6465234.588134765625000,13131.544628821749939,12640,"2",1171150.649,18.115
Heinkel,East Heinkel,South,36.979,"1000",6465234.588134765625000,13131.544628821749939,12645,"1",3208575.423,49.628
Heinkel,East Heinkel,South,36.979,"1000",6465234.588134765625000,13131.544628821749939,12606,"7",1090001.930,16.859
Heinkel,East Heinkel,South,36.979,"1000",6465234.588134765625000,13131.544628821749939,12642,"5",35379.823,0.547
Heinkel,East Heinkel,South,36.979,"1000",6465234.588134765625000,13131.544628821749939,12572,"4",175542.115,2.715
Heinkel,East Heinkel,South,36.979,"1000",6465234.588134765625000,13131.544628821749939,12571,"3",783689.646,12.122
Sandfarm,Sandfarm,East,20.077,"1000",5480223.381103515625000,11065.804968732458292,9877,"1",2485264.245,45.350
Sandfarm,Sandfarm,East,20.077,"1000",5480223.381103515625000,11065.804968732458292,9840,"4",838272.866,15.296
Sandfarm,Sandfarm,East,20.077,"1000",5480223.381103515625000,11065.804968732458292,9652,"2",91092.122,1.662
Sandfarm,Sandfarm,East,20.077,"1000",5480223.381103515625000,11065.804968732458292,9592,"3",1445479.860,26.376
Sandfarm,Sandfarm,East,20.077,"1000",5480223.381103515625000,11065.804968732458292,9454,"7",619464.013,11.304
SE Knob,SE Knob,South,3.460,"1000",3932887.932861327659339,7868.877286240740432,13128,"7",718821.758,18.277
Coneflower,Trash Knob,South,0.657,"1000",3450872.273681640625000,6904.786740905479746,12573,"5",35995.248,1.043
SE Knob,SE Knob,South,3.460,"1000",3932887.932861327659339,7868.877286240740432,13702,"5",26996.311,0.686
Coneflower,Trash Knob,South,0.657,"1000",3450872.273681640625000,6904.786740905479746,11952,"7",344296.426,9.977
SE Knob,SE Knob,South,3.460,"1000",3932887.932861327659339,7868.877286240740432,13107,"4",68450.041,1.740
Coneflower,Trash Knob,South,0.657,"1000",3450872.273681640625000,6904.786740905479746,11902,"2",97172.436,2.816
SE Knob,SE Knob,South,3.460,"1000",3932887.932861327659339,7868.877286240740432,13274,"3",764188.204,19.431
Coneflower,Trash Knob,South,0.657,"1000",3450872.273681640625000,6904.786740905479746,11939,"1",2447315.997,70.919
SE Knob,SE Knob,South,3.460,"1000",3932887.932861327659339,7868.877286240740432,13108,"2",704816.064,17.921
Coneflower,Trash Knob,South,0.657,"1000",3450872.273681640625000,6904.786740905479746,11987,"4",277226.689,8.034
SE Knob,SE Knob,South,3.460,"1000",3932887.932861327659339,7868.877286240740432,13167,"1",1649096.737,41.931
Coneflower,Trash Knob,South,0.657,"1000",3450872.273681640625000,6904.786740905479746,11928,"3",248409.249,7.198
Big_jump_east,Orland Little Blue Production,North,11.310,"1000",4674089.484252929687500,9353.557902834989363,7790,"5",7156.590,0.153
Big_jump_east,Orland Little Blue Production,North,11.310,"1000",4674089.484252929687500,9353.557902834989363,6998,"7",553562.026,11.843
Clear Creek,Clear Creek South,East,32.289,"1000",5536596.656738282181323,11076.356430454085057,11153,"1",1833953.454,33.124
Schafer Knob,Schafer Knob,South,13.544,"1000",4903119.696777343750000,9922.336965490245348,12573,"5",33928.678,0.692
Schafer Knob,Schafer Knob,South,13.544,"1000",4903119.696777343750000,9922.336965490245348,12607,"7",821273.600,16.750
Clear Creek,Clear Creek South,East,32.289,"1000",5536596.656738282181323,11076.356430454085057,12573,"5",20528.628,0.371
Clear Creek,Clear Creek South,East,32.289,"1000",5536596.656738282181323,11076.356430454085057,10531,"4",921975.370,16.652
Clear Creek,Clear Creek South,East,32.289,"1000",5536596.656738282181323,11076.356430454085057,10611,"3",1968937.118,35.562
Clear Creek,Clear Creek South,East,32.289,"1000",5536596.656738282181323,11076.356430454085057,11222,"2",87476.777,1.580
Rolling Thunder Prairie,Rolling Thunder Prairie,South,21.199,"1000",5263230.406982421875000,10654.644968617521954,10942,"7",453548.678,8.617
Rolling Thunder Prairie,Rolling Thunder Prairie,South,21.199,"1000",5263230.406982421875000,10654.644968617521954,12573,"5",35833.553,0.681
Rolling Thunder Prairie,Rolling Thunder Prairie,South,21.199,"1000",5263230.406982421875000,10654.644968617521954,11572,"4",859039.198,16.322
Rolling Thunder Prairie,Rolling Thunder Prairie,South,21.199,"1000",5263230.406982421875000,10654.644968617521954,11292,"3",326655.814,6.206
Rolling Thunder Prairie,Rolling Thunder Prairie,South,21.199,"1000",5263230.406982421875000,10654.644968617521954,11006,"2",544909.481,10.353
Rolling Thunder Prairie,Rolling Thunder Prairie,South,21.199,"1000",5263230.406982421875000,10654.644968617521954,11418,"1",3042542.925,57.808
Isabell's Knob,Isabell's Knob,South,4.162,"1000",3981234.993164062500000,7968.277740945614823,12573,"5",56712.862,1.425
Isabell's Knob,Isabell's Knob,South,4.162,"1000",3981234.993164062500000,7968.277740945614823,12360,"7",587305.401,14.752
Isabell's Knob,Isabell's Knob,South,4.162,"1000",3981234.993164062500000,7968.277740945614823,12467,"1",2116092.158,53.152
Isabell's Knob,Isabell's Knob,South,4.162,"1000",3981234.993164062500000,7968.277740945614823,12392,"2",247927.489,6.227
Isabell's Knob,Isabell's Knob,South,4.162,"1000",3981234.993164062500000,7968.277740945614823,12500,"3",799225.541,20.075
Isabell's Knob,Isabell's Knob,South,4.162,"1000",3981234.993164062500000,7968.277740945614823,12393,"4",173453.293,4.357
Big_jump_east,Orland Little Blue Production,North,11.310,"1000",4674089.484252929687500,9353.557902834989363,7080,"1",1086599.862,23.247
Big_jump_east,Orland Little Blue Production,North,11.310,"1000",4674089.484252929687500,9353.557902834989363,7144,"2",764040.627,16.346
Big_jump_east,Orland Little Blue Production,North,11.310,"1000",4674089.484252929687500,9353.557902834989363,6934,"3",2242989.201,47.988
Big_jump_east,Orland Little Blue Production,North,11.310,"1000",4674089.484252929687500,9353.557902834989363,7921,"4",18230.825,0.390
Schafer Knob,Schafer Knob,South,13.544,"1000",4903119.696777343750000,9922.336965490245348,12968,"2",635620.455,12.964
Schafer Knob,Schafer Knob,South,13.544,"1000",4903119.696777343750000,9922.336965490245348,12608,"1",2337073.765,47.665
Big_jump_east,Orland Little Blue Production,North,11.310,"1000",4674089.484252929687500,9353.557902834989363,7727,"0",899.886,0.019
Schafer Knob,Schafer Knob,South,13.544,"1000",4903119.696777343750000,9922.336965490245348,12707,"4",132211.418,2.696
Schafer Knob,Schafer Knob,South,13.544,"1000",4903119.696777343750000,9922.336965490245348,13125,"3",942367.386,19.220
Big Woods,Big Woods,South,16.734,"1000",4894598.664672851562500,9995.184919826628175,11516,"2",1525708.909,31.171
Big Woods,Big Woods,South,16.734,"1000",4894598.664672851562500,9995.184919826628175,11514,"1",2594823.273,53.014
Big Woods,Big Woods,South,16.734,"1000",4894598.664672851562500,9995.184919826628175,11319,"7",358170.843,7.318
Big Woods,Big Woods,South,16.734,"1000",4894598.664672851562500,9995.184919826628175,12495,"5",58491.919,1.195
Big Woods,Big Woods,South,16.734,"1000",4894598.664672851562500,9995.184919826628175,11639,"4",73554.927,1.503
Big Woods,Big Woods,South,16.734,"1000",4894598.664672851562500,9995.184919826628175,11292,"3",283156.824,5.785
Big_jump_east,Orland East,North,74.306,"1000",6842017.201782226562500,13951.524462214849336,6934,"3",1688448.731,24.678
Big_jump_east,Orland East,North,74.306,"1000",6842017.201782226562500,13951.524462214849336,7673,"4",32788.743,0.479
Big_jump_east,Orland East,North,74.306,"1000",6842017.201782226562500,13951.524462214849336,7790,"5",288603.316,4.218
Big_jump_east,Orland East,North,74.306,"1000",6842017.201782226562500,13951.524462214849336,9029,"6",3599.489,0.053
Big_jump_east,Orland East,North,74.306,"1000",6842017.201782226562500,13951.524462214849336,7727,"0",899.886,0.013
Big_jump_east,Orland East,North,74.306,"1000",6842017.201782226562500,13951.524462214849336,6650,"1",1290759.349,18.865
Big_jump_east,Orland East,North,74.306,"1000",6842017.201782226562500,13951.524462214849336,6776,"2",2142681.892,31.317
Big_jump_east,Orland East,North,74.306,"1000",6842017.201782226562500,13951.524462214849336,6707,"7",1393282.303,20.364
Oak Island,Oak Island,South,11.549,"1000",4504181.821655273437500,9036.392787365128243,12107,"1",2701120.108,59.969
Oak Island,Oak Island,South,11.549,"1000",4504181.821655273437500,9036.392787365128243,12500,"3",203006.971,4.507
Oak Island,Oak Island,South,11.549,"1000",4504181.821655273437500,9036.392787365128243,12192,"2",1142926.693,25.375
Oak Island,Oak Island,South,11.549,"1000",4504181.821655273437500,9036.392787365128243,12642,"5",40494.503,0.899
Oak Island,Oak Island,South,11.549,"1000",4504181.821655273437500,9036.392787365128243,12133,"4",80185.733,1.780
Oak Island,Oak Island,South,11.549,"1000",4504181.821655273437500,9036.392787365128243,12221,"7",335817.966,7.456
Flagg Lowden,Flagg Lowden,North,7.493,"1000",4454448.514770507812500,8966.779864278847526,9874,"4",54759.386,1.229
Flagg Lowden,Flagg Lowden,North,7.493,"1000",4454448.514770507812500,8966.779864278847526,8245,"3",839761.866,18.852
Flagg Lowden,Flagg Lowden,North,7.493,"1000",4454448.514770507812500,8966.779864278847526,9761,"6",899.874,0.020
Themla Carpenter,Thelma Carpenter,East,26.077,"1000",5246303.555786132812500,10495.707447644184867,11343,"7",683937.302,13.037
Flagg Lowden,Flagg Lowden,North,7.493,"1000",4454448.514770507812500,8966.779864278847526,9884,"5",49688.920,1.115
Themla Carpenter,Thelma Carpenter,East,26.077,"1000",5246303.555786132812500,10495.707447644184867,11342,"2",81136.685,1.547
Themla Carpenter,Thelma Carpenter,East,26.077,"1000",5246303.555786132812500,10495.707447644184867,11320,"1",1053776.651,20.086
Themla Carpenter,Thelma Carpenter,East,26.077,"1000",5246303.555786132812500,10495.707447644184867,11266,"4",746035.588,14.220
Flagg Lowden,Flagg Lowden,North,7.493,"1000",4454448.514770507812500,8966.779864278847526,8715,"2",637466.512,14.311
Themla Carpenter,Thelma Carpenter,East,26.077,"1000",5246303.555786132812500,10495.707447644184867,11434,"3",2680814.639,51.099
Sanders,Sanders,East,15.127,"1000",4689662.775146484375000,9419.030597276652770,10093,"7",490491.074,10.459
Flagg Lowden,Flagg Lowden,North,7.493,"1000",4454448.514770507812500,8966.779864278847526,8278,"1",2105443.043,47.266
Gobbler,Gobbler Bottoms,East,3.002,"1000",3888852.458374023437500,7780.870739257806235,8381,"1",1925978.716,49.526
Gobbler,Gobbler Bottoms,East,3.002,"1000",3888852.458374023437500,7780.870739257806235,9071,"2",181250.600,4.661
Doug Dot,Doug Dot,South,20.801,"1000",5361643.614257812500000,10989.949475324712694,10447,"7",444218.256,8.285
Gobbler,Gobbler Bottoms,East,3.002,"1000",3888852.458374023437500,7780.870739257806235,8995,"3",1197138.851,30.784
Gobbler,Gobbler Bottoms,East,3.002,"1000",3888852.458374023437500,7780.870739257806235,9551,"4",168801.316,4.341
Doug Dot,Doug Dot,South,20.801,"1000",5361643.614257812500000,10989.949475324712694,12573,"5",35995.248,0.671
Doug Dot,Doug Dot,South,20.801,"1000",5361643.614257812500000,10989.949475324712694,10632,"4",212454.363,3.962
Doug Dot,Doug Dot,South,20.801,"1000",5361643.614257812500000,10989.949475324712694,10557,"3",211415.495,3.943
Flagg Lowden,Flagg Lowden,North,7.493,"1000",4454448.514770507812500,8966.779864278847526,8252,"7",765851.658,17.193
Gobbler,Gobbler Bottoms,East,3.002,"1000",3888852.458374023437500,7780.870739257806235,8416,"7",415212.614,10.677
Leopold Knob,Leopold Knob,South,4.976,"1000",4095490.151489257812500,8323.679973701233394,11452,"7",344298.662,8.407
Sanders,Sanders,East,15.127,"1000",4689662.775146484375000,9419.030597276652770,10425,"3",1269268.081,27.065
Leopold Knob,Leopold Knob,South,4.976,"1000",4095490.151489257812500,8323.679973701233394,12573,"5",35995.248,0.879
Sanders,Sanders,East,15.127,"1000",4689662.775146484375000,9419.030597276652770,10129,"4",923339.391,19.689
Leopold Knob,Leopold Knob,South,4.976,"1000",4095490.151489257812500,8323.679973701233394,11292,"3",27727.968,0.677
Leopold Knob,Leopold Knob,South,4.976,"1000",4095490.151489257812500,8323.679973701233394,11639,"4",133459.729,3.259
Leopold Knob,Leopold Knob,South,4.976,"1000",4095490.151489257812500,8323.679973701233394,11514,"1",2561185.166,62.537
Leopold Knob,Leopold Knob,South,4.976,"1000",4095490.151489257812500,8323.679973701233394,11263,"2",992257.445,24.228
Williams,Williams,North,62.285,"1000",6305964.419799804687500,12823.990504199973657,9296,"5",54390.786,0.863
Sanders,Sanders,East,15.127,"1000",4689662.775146484375000,9419.030597276652770,11153,"1",1958877.585,41.770
Williams,Williams,North,62.285,"1000",6305964.419799804687500,12823.990504199973657,9793,"6",899.847,0.014
Sanders,Sanders,East,15.127,"1000",4689662.775146484375000,9419.030597276652770,10094,"2",47126.692,1.005
Williams,Williams,North,62.285,"1000",6305964.419799804687500,12823.990504199973657,8231,"7",1702194.845,26.993
Gobbler,Gobbler Ridge,East,43.502,"1000",5823016.720581054687500,11778.800519539292509,8245,"3",1615363.943,27.741
Williams,Williams,North,62.285,"1000",6305964.419799804687500,12823.990504199973657,8230,"1",1639067.787,25.992
Gobbler,Gobbler Ridge,East,43.502,"1000",5823016.720581054687500,11778.800519539292509,8715,"2",641530.081,11.017
Williams,Williams,North,62.285,"1000",6305964.419799804687500,12823.990504199973657,8210,"2",1597156.497,25.328
Gobbler,Gobbler Ridge,East,43.502,"1000",5823016.720581054687500,11778.800519539292509,8214,"1",2609666.788,44.816
Williams,Williams,North,62.285,"1000",6305964.419799804687500,12823.990504199973657,8342,"3",1309452.724,20.765
Williams,Williams,North,62.285,"1000",6305964.419799804687500,12823.990504199973657,8977,"4",1799.717,0.029
Gobbler,Gobbler Ridge,East,43.502,"1000",5823016.720581054687500,11778.800519539292509,8252,"7",809675.679,13.905
Gobbler,Gobbler Ridge,East,43.502,"1000",5823016.720581054687500,11778.800519539292509,9884,"5",3529.698,0.061
Gobbler,Gobbler Ridge,East,43.502,"1000",5823016.720581054687500,11778.800519539292509,9874,"4",142522.932,2.448
Senger,Senger,North,16.077,"1000",4743629.876831054687500,9490.360811866517906,9342,"1",1874206.891,39.510
Senger,Senger,North,16.077,"1000",4743629.876831054687500,9490.360811866517906,9801,"4",23396.318,0.493
Senger,Senger,North,16.077,"1000",4743629.876831054687500,9490.360811866517906,10015,"5",8098.711,0.171
Tellabs,Tellabs East,North,16.371,"1000",4762109.035400390625000,9527.781618843773686,10418,"7",507177.420,10.650
Senger,Senger,North,16.077,"1000",4743629.876831054687500,9490.360811866517906,9418,"2",1375123.944,28.989
Senger,Senger,North,16.077,"1000",4743629.876831054687500,9490.360811866517906,9584,"3",550276.793,11.600
Tellabs,Tellabs East,North,16.371,"1000",4762109.035400390625000,9527.781618843773686,11317,"5",24296.385,0.510
Tellabs,Tellabs East,North,16.371,"1000",4762109.035400390625000,9527.781618843773686,11847,"4",6299.099,0.132
Holland,Trap and Release Pasture,North,19.123,"1000",4929685.077758789993823,9995.330901150737191,9389,"1",2918848.455,59.210
Tellabs,Tellabs East,North,16.371,"1000",4762109.035400390625000,9527.781618843773686,10493,"3",509970.196,10.709
Tellabs,Tellabs East,North,16.371,"1000",4762109.035400390625000,9527.781618843773686,10585,"2",2041476.521,42.869
Senger,Senger,North,16.077,"1000",4743629.876831054687500,9490.360811866517906,9340,"7",911800.717,19.222
Tellabs,Tellabs East,North,16.371,"1000",4762109.035400390625000,9527.781618843773686,10417,"1",1672176.610,35.114
Holland,Trap and Release Pasture,North,19.123,"1000",4929685.077758789993823,9995.330901150737191,9884,"5",43464.436,0.882
Clear Creek,Clear Creek Knolls,East,166.683,"1000",9113144.525024414062500,18434.612676313336124,7575,"7",1340454.047,14.709
Holland,Trap and Release Pasture,North,19.123,"1000",4929685.077758789993823,9995.330901150737191,10028,"4",200059.554,4.058
Holland,Trap and Release Pasture,North,19.123,"1000",4929685.077758789993823,9995.330901150737191,9277,"3",562677.543,11.414
Clear Creek,Clear Creek Knolls,East,166.683,"1000",9113144.525024414062500,18434.612676313336124,10030,"5",4499.554,0.049
Holland,Trap and Release Pasture,North,19.123,"1000",4929685.077758789993823,9995.330901150737191,9450,"2",361187.332,7.327
Clear Creek,Clear Creek Knolls,East,166.683,"1000",9113144.525024414062500,18434.612676313336124,9874,"4",300994.777,3.303
Holland,Trap and Release Pasture,North,19.123,"1000",4929685.077758789993823,9995.330901150737191,9390,"7",841888.480,17.078
