site,area,cover_class,class_area,class_percentage
big_woods,652120.5092,3,1799.741,0.276
big_woods,652120.5092,7,15847.203,2.43
big_woods,652120.5092,4,4169.522,0.639
big_woods,652120.5092,1,359789.903,55.172
big_woods,652120.5092,2,270422.257,41.468
bishop_south,549106.5164,3,228090.498,41.538
bishop_south,549106.5164,7,57113.285,10.401
bishop_south,549106.5164,4,4499.444,0.819
bishop_south,549106.5164,1,237779.287,43.303
bishop_south,549106.5164,2,21557.094,3.926
clear_creek_knolls,1731064.214,3,771353.285,44.559
clear_creek_knolls,1731064.214,7,210226.506,12.144
clear_creek_knolls,1731064.214,4,47030.777,2.717
clear_creek_knolls,1731064.214,1,653042.802,37.725
clear_creek_knolls,1731064.214,2,49209.806,2.843
clear_creek_south,795495.9498,3,85419.029,10.738
clear_creek_south,795495.9498,7,115716.614,14.546
clear_creek_south,795495.9498,4,259316.922,32.598
clear_creek_south,795495.9498,1,319438.954,40.156
clear_creek_south,795495.9498,2,15510.558,1.95
conflower_trash_knob,506992.5315,5,9958.69,1.964
conflower_trash_knob,506992.5315,7,38498.197,7.593
conflower_trash_knob,506992.5315,4,31358.043,6.185
conflower_trash_knob,506992.5315,1,423650.309,83.561
conflower_trash_knob,506992.5315,2,3460.508,0.683
dots_knob,406253.0417,3,12230.374,3.011
dots_knob,406253.0417,7,48851.134,12.025
dots_knob,406253.0417,4,16197.795,3.987
dots_knob,406253.0417,1,304824.261,75.033
dots_knob,406253.0417,2,24093.971,5.931
doug_dot_unit,785832.3235,3,21312.538,2.712
doug_dot_unit,785832.3235,7,119161.157,15.164
doug_dot_unit,785832.3235,4,6970.622,0.887
doug_dot_unit,785832.3235,1,537822.67,68.44
doug_dot_unit,785832.3235,2,100456.673,12.783
dougs_knob,349207.5798,3,2037.033,0.583
dougs_knob,349207.5798,7,15806.903,4.527
dougs_knob,349207.5798,4,10497.154,3.006
dougs_knob,349207.5798,1,274637.28,78.646
dougs_knob,349207.5798,2,46180.927,13.224
east_hienkel,1086889.545,5,23396.792,2.153
east_hienkel,1086889.545,3,62015.427,5.706
east_hienkel,1086889.545,7,108247.243,9.959
east_hienkel,1086889.545,4,2699.619,0.248
east_hienkel,1086889.545,1,654518.012,60.219
east_hienkel,1086889.545,2,235862.58,21.701
eight_oaks,583390.0347,5,2642.209,0.453
eight_oaks,583390.0347,3,2699.616,0.463
eight_oaks,583390.0347,7,28369.673,4.863
eight_oaks,583390.0347,4,3674.048,0.63
eight_oaks,583390.0347,1,487306.031,83.53
eight_oaks,583390.0347,2,58616.562,10.048
flag_lowden,527579.9938,3,36425.783,6.904
flag_lowden,527579.9938,7,139065.891,26.359
flag_lowden,527579.9938,4,5910.274,1.12
flag_lowden,527579.9938,1,226957.314,43.019
flag_lowden,527579.9938,2,119152.364,22.585
gobbler_ridge,884704.9403,3,154155.485,17.425
gobbler_ridge,884704.9403,7,136814.995,15.464
gobbler_ridge,884704.9403,4,23162.747,2.618
gobbler_ridge,884704.9403,1,484200.958,54.73
gobbler_ridge,884704.9403,2,86260.021,9.75
holland_prairie_east,1958001.482,5,16425.683,0.839
holland_prairie_east,1958001.482,3,355244.22,18.143
holland_prairie_east,1958001.482,7,353211.219,18.039
holland_prairie_east,1958001.482,4,46776.791,2.389
holland_prairie_east,1958001.482,1,956863.161,48.869
holland_prairie_east,1958001.482,2,229203.857,11.706
holland_prairie_west,1958001.482,5,16425.683,0.839
holland_prairie_west,1958001.482,3,355244.22,18.143
holland_prairie_west,1958001.482,7,353211.219,18.039
holland_prairie_west,1958001.482,4,46776.791,2.389
holland_prairie_west,1958001.482,1,956863.161,48.869
holland_prairie_west,1958001.482,2,229203.857,11.706
hook_larson,1114575.302,3,10117.492,0.908
hook_larson,1114575.302,7,92096.495,8.263
hook_larson,1114575.302,4,4499.395,0.404
hook_larson,1114575.302,1,778027.793,69.805
hook_larson,1114575.302,2,229677.764,20.607
isabells_knob,406971.1907,3,53082.085,13.043
isabells_knob,406971.1907,7,55061.945,13.53
isabells_knob,406971.1907,4,511.781,0.126
isabells_knob,406971.1907,1,265275.868,65.183
isabells_knob,406971.1907,2,32986.458,8.105
kittentail_knob,567491.2373,5,2699.623,0.476
kittentail_knob,567491.2373,3,1799.741,0.317
kittentail_knob,567491.2373,7,17804.294,3.137
kittentail_knob,567491.2373,4,6299.105,1.11
kittentail_knob,567491.2373,1,297150.991,52.362
kittentail_knob,567491.2373,2,241656.488,42.583
leopold_knob,442062.5116,3,1799.754,0.407
leopold_knob,442062.5116,7,16402.77,3.711
leopold_knob,442062.5116,4,9558.851,2.162
leopold_knob,442062.5116,1,369490.229,83.583
leopold_knob,442062.5116,2,44749.903,10.123
main_unit_knobs,955935.259,3,27858.803,2.914
main_unit_knobs,955935.259,7,51098.694,5.345
main_unit_knobs,955935.259,4,39181.193,4.099
main_unit_knobs,955935.259,1,752224.25,78.69
main_unit_knobs,955935.259,2,85443.055,8.938
naylor_road,580265.8352,3,118101.583,20.353
naylor_road,580265.8352,7,118426.995,20.409
naylor_road,580265.8352,4,36118.521,6.224
naylor_road,580265.8352,1,237961.783,41.009
naylor_road,580265.8352,2,69573.82,11.99
no_name_knob,455625.8711,3,15060.891,3.306
no_name_knob,455625.8711,7,27881.115,6.119
no_name_knob,455625.8711,4,14536.378,3.19
no_name_knob,455625.8711,1,363902.318,79.869
no_name_knob,455625.8711,2,34185.91,7.503
oak_island,541749.9403,5,2699.623,0.498
oak_island,541749.9403,3,899.876,0.166
oak_island,541749.9403,7,19793.213,3.654
oak_island,541749.9403,4,10080.831,1.861
oak_island,541749.9403,1,449895.066,83.045
oak_island,541749.9403,2,58305.834,10.762
big_jump_center,718684.5054,5,16748.645,2.33
big_jump_center,718684.5054,3,68607.56,9.546
big_jump_center,718684.5054,7,32022.607,4.456
big_jump_center,718684.5054,4,2999.625,0.417
big_jump_center,718684.5054,1,216658.577,30.147
big_jump_center,718684.5054,2,381541.217,53.089
big_jump_east,1172730.061,5,5977.213,0.51
big_jump_east,1172730.061,3,116197.264,9.908
big_jump_east,1172730.061,7,189749.742,16.18
big_jump_east,1172730.061,4,18075.689,1.541
big_jump_east,1172730.061,1,371983.44,31.719
big_jump_east,1172730.061,2,470585.907,40.127
praire_potholes,750807.3612,5,7919.621,1.055
praire_potholes,750807.3612,3,899.875,0.12
praire_potholes,750807.3612,7,17396.271,2.317
praire_potholes,750807.3612,4,18462.234,2.459
praire_potholes,750807.3612,1,695540.54,92.639
praire_potholes,750807.3612,2,10488.566,1.397
rolling_thunder,737570.2874,5,27285.42,3.699
rolling_thunder,737570.2874,3,6299.16,0.854
rolling_thunder,737570.2874,7,88057.068,11.939
rolling_thunder,737570.2874,4,139155.974,18.867
rolling_thunder,737570.2874,1,438015.517,59.386
rolling_thunder,737570.2874,2,38657.307,5.241
sanders,585906.9551,3,138744.756,23.68
sanders,585906.9551,7,73248.45,12.502
sanders,585906.9551,4,137075.787,23.395
sanders,585906.9551,1,230468.984,39.335
sanders,585906.9551,2,6299.267,1.075
sandfarm,808964.3743,3,182327.844,22.538
sandfarm,808964.3743,7,101875.101,12.593
sandfarm,808964.3743,4,112094.284,13.857
sandfarm,808964.3743,1,406271.496,50.221
sandfarm,808964.3743,2,6299.267,0.779
schafer_knob,653699.1868,5,17978.593,2.75
schafer_knob,653699.1868,3,71873.163,10.995
schafer_knob,653699.1868,7,144574.161,22.116
schafer_knob,653699.1868,4,2378.741,0.364
schafer_knob,653699.1868,1,369294.164,56.493
schafer_knob,653699.1868,2,47514.344,7.269
SE_knob,394561.0571,5,6442.724,1.633
SE_knob,394561.0571,3,31277.275,7.927
SE_knob,394561.0571,7,133200.964,33.759
SE_knob,394561.0571,1,179325.244,45.449
SE_knob,394561.0571,2,44262.637,11.218
sengers,597246.4982,3,78321.164,13.114
sengers,597246.4982,7,123262.838,20.639
sengers,597246.4982,1,175853.172,29.444
sengers,597246.4982,2,219718.578,36.789
seven_knobs,656894.5748,5,20295.426,3.09
seven_knobs,656894.5748,3,1799.754,0.274
seven_knobs,656894.5748,7,70256.877,10.695
seven_knobs,656894.5748,4,20532.374,3.126
seven_knobs,656894.5748,1,537123.455,81.767
seven_knobs,656894.5748,2,6795.052,1.034
stone_barn_prairie,1170082.233,3,795706.235,68.004
stone_barn_prairie,1170082.233,7,279639.818,23.899
stone_barn_prairie,1170082.233,1,79740.597,6.815
stone_barn_prairie,1170082.233,2,14873.592,1.271
tellabs_center,765402.6262,3,15526.447,2.029
tellabs_center,765402.6262,7,22230.658,2.904
tellabs_center,765402.6262,1,160224.782,20.933
tellabs_center,765402.6262,2,567301.777,74.118
tellabs_west,682984.5695,3,145251.197,21.267
tellabs_west,682984.5695,7,65339.89,9.567
tellabs_west,682984.5695,1,118347.686,17.328
tellabs_west,682984.5695,2,353937.652,51.822
thelma_carpenter,722914.827,3,409086.863,56.589
thelma_carpenter,722914.827,7,100981.058,13.969
thelma_carpenter,722914.827,4,37072.415,5.128
thelma_carpenter,722914.827,1,173391.184,23.985
thelma_carpenter,722914.827,2,2300.296,0.318
trap_release_prairie,657618.9413,3,4164.243,0.633
trap_release_prairie,657618.9413,7,34094.65,5.185
trap_release_prairie,657618.9413,4,899.882,0.137
trap_release_prairie,657618.9413,1,590227.989,89.752
trap_release_prairie,657618.9413,2,28144.226,4.28
visitor_area,525268.0778,5,24443.572,4.654
visitor_area,525268.0778,7,62289.57,11.859
visitor_area,525268.0778,4,34516.814,6.571
visitor_area,525268.0778,1,388582.28,73.978
visitor_area,525268.0778,2,15367.537,2.926
west_hienkel,738837.2478,3,36346.999,4.919
west_hienkel,738837.2478,7,28157.85,3.811
west_hienkel,738837.2478,4,29616.805,4.009
west_hienkel,738837.2478,1,471827.914,63.861
west_hienkel,738837.2478,2,172782.652,23.386
williams,998342.4326,3,159735.63,16
williams,998342.4326,7,320847.18,32.138
williams,998342.4326,4,899.862,0.09
williams,998342.4326,1,306935.8,30.745
williams,998342.4326,2,209764.993,21.011
