Unit,Subunit,area_ha,area,perimeter,fid,DN,cover_clas,class_perc
Big_jump_center,Orland Center,24.973,1828626.722167968750000,7317.214870515836083,52,"5",85017.867,4.649
Big_jump_center,Orland Center,24.973,1828626.722167968750000,7317.214870515836083,23,"3",150364.467,8.223
Big_jump_center,Orland Center,24.973,1828626.722167968750000,7317.214870515836083,1,"7",143325.780,7.838
Big_jump_center,Orland Center,24.973,1828626.722167968750000,7317.214870515836083,281,"4",4608.650,0.252
Big_jump_center,Orland Center,24.973,1828626.722167968750000,7317.214870515836083,3,"1",506249.981,27.685
Big_jump_center,Orland Center,24.973,1828626.722167968750000,7317.214870515836083,6,"2",938791.287,51.339
Big_jump_east,Orland East,74.306,2680301.675415039062500,10843.302417719989535,52,"5",172386.818,6.432
Big_jump_east,Orland East,74.306,2680301.675415039062500,10843.302417719989535,799,"6",899.869,0.034
Big_jump_east,Orland East,74.306,2680301.675415039062500,10843.302417719989535,23,"3",382798.050,14.282
Big_jump_east,Orland East,74.306,2680301.675415039062500,10843.302417719989535,1,"7",440850.879,16.448
Big_jump_east,Orland East,74.306,2680301.675415039062500,10843.302417719989535,281,"4",23163.656,0.864
Big_jump_east,Orland East,74.306,2680301.675415039062500,10843.302417719989535,3,"1",678216.245,25.304
Big_jump_east,Orland East,74.306,2680301.675415039062500,10843.302417719989535,6,"2",981615.830,36.623
Big_jump_east,Orland Little Blue Production,11.310,1552605.559204101562500,6212.921256408975751,52,"5",1799.763,0.116
Big_jump_east,Orland Little Blue Production,11.310,1552605.559204101562500,6212.921256408975751,23,"3",607422.836,39.123
Big_jump_east,Orland Little Blue Production,11.310,1552605.559204101562500,6212.921256408975751,1,"7",222886.410,14.356
Big_jump_east,Orland Little Blue Production,11.310,1552605.559204101562500,6212.921256408975751,281,"4",18230.825,1.174
Big_jump_east,Orland Little Blue Production,11.310,1552605.559204101562500,6212.921256408975751,3,"1",466122.794,30.022
Big_jump_east,Orland Little Blue Production,11.310,1552605.559204101562500,6212.921256408975751,6,"2",235039.530,15.138
Big_jump_east,Orland Little Blue Production,11.310,1552605.559204101562500,6212.921256408975751,7727,"0",899.886,0.058
Williams,Williams,62.285,2375418.375244140625000,9683.877377944787440,23,"3",460721.217,19.395
Williams,Williams,62.285,2375418.375244140625000,9683.877377944787440,1,"7",696300.128,29.313
Williams,Williams,62.285,2375418.375244140625000,9683.877377944787440,281,"4",1799.717,0.076
Williams,Williams,62.285,2375418.375244140625000,9683.877377944787440,3,"1",686008.702,28.879
Williams,Williams,62.285,2375418.375244140625000,9683.877377944787440,6,"2",530211.140,22.321
Tellabs,Tellabs Center,31.942,1923245.945190429687500,7694.534034194024571,52,"5",2534.791,0.132
Tellabs,Tellabs Center,31.942,1923245.945190429687500,7694.534034194024571,23,"3",200002.721,10.399
Tellabs,Tellabs Center,31.942,1923245.945190429687500,7694.534034194024571,1,"7",134780.874,7.008
Tellabs,Tellabs Center,31.942,1923245.945190429687500,7694.534034194024571,3,"1",453120.227,23.560
Tellabs,Tellabs Center,31.942,1923245.945190429687500,7694.534034194024571,6,"2",1132510.509,58.885
Tellabs,Tellabs West,22.350,1758405.886840820312500,7035.191130513966527,23,"3",417549.590,23.746
Tellabs,Tellabs West,22.350,1758405.886840820312500,7035.191130513966527,1,"7",239183.865,13.602
Tellabs,Tellabs West,22.350,1758405.886840820312500,7035.191130513966527,3,"1",277000.428,15.753
Tellabs,Tellabs West,22.350,1758405.886840820312500,7035.191130513966527,6,"2",824393.262,46.883
Senger,Senger,16.077,1586933.643676757812500,6349.285103375401377,52,"5",1061.592,0.067
Senger,Senger,16.077,1586933.643676757812500,6349.285103375401377,23,"3",152744.645,9.625
Senger,Senger,16.077,1586933.643676757812500,6349.285103375401377,1,"7",300959.180,18.965
Senger,Senger,16.077,1586933.643676757812500,6349.285103375401377,281,"4",3260.811,0.205
Senger,Senger,16.077,1586933.643676757812500,6349.285103375401377,3,"1",561948.017,35.411
Senger,Senger,16.077,1586933.643676757812500,6349.285103375401377,6,"2",566716.342,35.711
Holland,Holland West Savanna,9.720,1427403.379516601562500,5717.310011889877387,52,"5",1799.714,0.126
Holland,Holland West Savanna,9.720,1427403.379516601562500,5717.310011889877387,23,"3",58637.415,4.108
Holland,Holland West Savanna,9.720,1427403.379516601562500,5717.310011889877387,1,"7",164698.971,11.538
Holland,Holland West Savanna,9.720,1427403.379516601562500,5717.310011889877387,3,"1",531743.443,37.252
Holland,Holland West Savanna,9.720,1427403.379516601562500,5717.310011889877387,6,"2",670305.468,46.960
Tellabs,Tellabs East,16.371,1596312.056518554687500,6386.959455056908155,23,"3",21596.830,1.353
Tellabs,Tellabs East,16.371,1596312.056518554687500,6386.959455056908155,1,"7",38548.408,2.415
Tellabs,Tellabs East,16.371,1596312.056518554687500,6386.959455056908155,281,"4",4499.356,0.282
Tellabs,Tellabs East,16.371,1596312.056518554687500,6386.959455056908155,3,"1",385420.253,24.144
Tellabs,Tellabs East,16.371,1596312.056518554687500,6386.959455056908155,6,"2",1146008.780,71.791
Flagg Lowden,Flagg Lowden,7.493,1444985.998657226562500,5830.204541743072696,52,"5",899.877,0.062
Flagg Lowden,Flagg Lowden,7.493,1444985.998657226562500,5830.204541743072696,23,"3",152272.338,10.538
Flagg Lowden,Flagg Lowden,7.493,1444985.998657226562500,5830.204541743072696,1,"7",304174.357,21.050
Flagg Lowden,Flagg Lowden,7.493,1444985.998657226562500,5830.204541743072696,281,"4",25734.838,1.781
Flagg Lowden,Flagg Lowden,7.493,1444985.998657226562500,5830.204541743072696,3,"1",674930.375,46.708
Flagg Lowden,Flagg Lowden,7.493,1444985.998657226562500,5830.204541743072696,6,"2",286786.856,19.847
Holland,Holland Prairie,130.804,4194032.568481444846839,16967.538645435124636,52,"5",37977.850,0.906
Holland,Holland Prairie,130.804,4194032.568481444846839,16967.538645435124636,799,"6",881.833,0.021
Holland,Holland Prairie,130.804,4194032.568481444846839,16967.538645435124636,23,"3",564847.165,13.468
Holland,Holland Prairie,130.804,4194032.568481444846839,16967.538645435124636,1,"7",810156.410,19.317
Holland,Holland Prairie,130.804,4194032.568481444846839,16967.538645435124636,281,"4",173525.787,4.137
Holland,Holland Prairie,130.804,4194032.568481444846839,16967.538645435124636,3,"1",1876347.591,44.739
Holland,Holland Prairie,130.804,4194032.568481444846839,16967.538645435124636,6,"2",729693.905,17.398
Hook Larson,Hook Larson,58.775,2621475.256103515625000,10493.950199787781457,23,"3",112418.245,4.288
Hook Larson,Hook Larson,58.775,2621475.256103515625000,10493.950199787781457,1,"7",262398.151,10.010
Hook Larson,Hook Larson,58.775,2621475.256103515625000,10493.950199787781457,281,"4",12764.096,0.487
Hook Larson,Hook Larson,58.775,2621475.256103515625000,10493.950199787781457,3,"1",1647997.108,62.865
Hook Larson,Hook Larson,58.775,2621475.256103515625000,10493.950199787781457,6,"2",585549.053,22.337
Holland,Trap and Release Pasture,19.123,1690848.109863281250000,6859.994007815351324,52,"5",2173.694,0.129
Holland,Trap and Release Pasture,19.123,1690848.109863281250000,6859.994007815351324,23,"3",124605.720,7.369
Holland,Trap and Release Pasture,19.123,1690848.109863281250000,6859.994007815351324,1,"7",210413.108,12.444
Holland,Trap and Release Pasture,19.123,1690848.109863281250000,6859.994007815351324,281,"4",9623.354,0.569
Holland,Trap and Release Pasture,19.123,1690848.109863281250000,6859.994007815351324,3,"1",1215761.844,71.902
Holland,Trap and Release Pasture,19.123,1690848.109863281250000,6859.994007815351324,6,"2",128044.648,7.573
Doug Dot,Doug Dot,20.801,1921040.078002929687500,7855.940996096740491,52,"5",4241.395,0.221
Doug Dot,Doug Dot,20.801,1921040.078002929687500,7855.940996096740491,23,"3",23204.170,1.208
Doug Dot,Doug Dot,20.801,1921040.078002929687500,7855.940996096740491,1,"7",167674.386,8.728
Doug Dot,Doug Dot,20.801,1921040.078002929687500,7855.940996096740491,281,"4",26996.332,1.405
Doug Dot,Doug Dot,20.801,1921040.078002929687500,7855.940996096740491,3,"1",1429130.666,74.394
Doug Dot,Doug Dot,20.801,1921040.078002929687500,7855.940996096740491,6,"2",269527.979,14.030
Doug Dot,Dot's Knob,3.880,1203120.565673828125000,4818.896581855481600,23,"3",20876.428,1.735
Doug Dot,Dot's Knob,3.880,1203120.565673828125000,4818.896581855481600,1,"7",137684.955,11.444
Doug Dot,Dot's Knob,3.880,1203120.565673828125000,4818.896581855481600,281,"4",25075.508,2.084
Doug Dot,Dot's Knob,3.880,1203120.565673828125000,4818.896581855481600,3,"1",901487.232,74.929
Doug Dot,Dot's Knob,3.880,1203120.565673828125000,4818.896581855481600,6,"2",117832.136,9.794
Doug Dot,Doug's Knob,2.500,1090027.866821289062500,4365.351617095309848,23,"3",18443.784,1.692
Doug Dot,Doug's Knob,2.500,1090027.866821289062500,4365.351617095309848,1,"7",77104.394,7.074
Doug Dot,Doug's Knob,2.500,1090027.866821289062500,4365.351617095309848,281,"4",26065.882,2.391
Doug Dot,Doug's Knob,2.500,1090027.866821289062500,4365.351617095309848,3,"1",776939.519,71.277
Doug Dot,Doug's Knob,2.500,1090027.866821289062500,4365.351617095309848,6,"2",191323.659,17.552
Leopold Knob,Leopold Knob,4.976,1267882.036743164062500,5183.984508802911478,52,"5",13019.001,1.027
Leopold Knob,Leopold Knob,4.976,1267882.036743164062500,5183.984508802911478,23,"3",5595.221,0.441
Leopold Knob,Leopold Knob,4.976,1267882.036743164062500,5183.984508802911478,1,"7",79151.978,6.243
Leopold Knob,Leopold Knob,4.976,1267882.036743164062500,5183.984508802911478,281,"4",25448.658,2.007
Leopold Knob,Leopold Knob,4.976,1267882.036743164062500,5183.984508802911478,3,"1",890321.896,70.221
Leopold Knob,Leopold Knob,4.976,1267882.036743164062500,5183.984508802911478,6,"2",254170.018,20.047
Rolling Thunder Prairie,Rolling Thunder Prairie,21.199,1854586.631591796875000,7516.669600347648156,52,"5",33133.930,1.787
Rolling Thunder Prairie,Rolling Thunder Prairie,21.199,1854586.631591796875000,7516.669600347648156,23,"3",16959.538,0.914
Rolling Thunder Prairie,Rolling Thunder Prairie,21.199,1854586.631591796875000,7516.669600347648156,1,"7",203597.098,10.978
Rolling Thunder Prairie,Rolling Thunder Prairie,21.199,1854586.631591796875000,7516.669600347648156,281,"4",386802.611,20.857
Rolling Thunder Prairie,Rolling Thunder Prairie,21.199,1854586.631591796875000,7516.669600347648156,3,"1",1114021.090,60.068
Rolling Thunder Prairie,Rolling Thunder Prairie,21.199,1854586.631591796875000,7516.669600347648156,6,"2",99824.854,5.383
Visitor Use Area,Visitor Use Area,11.235,1442971.518920898437500,5773.468302648956524,52,"5",33295.625,2.307
Visitor Use Area,Visitor Use Area,11.235,1442971.518920898437500,5773.468302648956524,23,"3",32131.374,2.227
Visitor Use Area,Visitor Use Area,11.235,1442971.518920898437500,5773.468302648956524,1,"7",116093.843,8.045
Visitor Use Area,Visitor Use Area,11.235,1442971.518920898437500,5773.468302648956524,281,"4",140136.246,9.712
Visitor Use Area,Visitor Use Area,11.235,1442971.518920898437500,5773.468302648956524,3,"1",1061570.347,73.568
Visitor Use Area,Visitor Use Area,11.235,1442971.518920898437500,5773.468302648956524,6,"2",59556.317,4.127
No Name Knob,No Name Knob,6.791,1302885.507080078125000,5221.087451815104941,52,"5",4275.543,0.328
No Name Knob,No Name Knob,6.791,1302885.507080078125000,5221.087451815104941,23,"3",119718.608,9.189
No Name Knob,No Name Knob,6.791,1302885.507080078125000,5221.087451815104941,1,"7",140185.956,10.760
No Name Knob,No Name Knob,6.791,1302885.507080078125000,5221.087451815104941,281,"4",58635.826,4.500
No Name Knob,No Name Knob,6.791,1302885.507080078125000,5221.087451815104941,3,"1",939415.140,72.103
No Name Knob,No Name Knob,6.791,1302885.507080078125000,5221.087451815104941,6,"2",40485.123,3.107
Coneflower,Coneflower,6.861,1399695.097167968750000,5626.254206488565615,52,"5",33295.625,2.379
Coneflower,Coneflower,6.861,1399695.097167968750000,5626.254206488565615,23,"3",14112.052,1.008
Coneflower,Coneflower,6.861,1399695.097167968750000,5626.254206488565615,1,"7",131664.214,9.407
Coneflower,Coneflower,6.861,1399695.097167968750000,5626.254206488565615,281,"4",63751.911,4.555
Coneflower,Coneflower,6.861,1399695.097167968750000,5626.254206488565615,3,"1",1117692.121,79.853
Coneflower,Coneflower,6.861,1399695.097167968750000,5626.254206488565615,6,"2",38994.166,2.786
Coneflower,Trash Knob,0.657,940545.029785156133585,3763.701218044484449,52,"5",17148.765,1.823
Coneflower,Trash Knob,0.657,940545.029785156133585,3763.701218044484449,23,"3",3070.434,0.326
Coneflower,Trash Knob,0.657,940545.029785156133585,3763.701218044484449,1,"7",84843.819,9.021
Coneflower,Trash Knob,0.657,940545.029785156133585,3763.701218044484449,281,"4",36714.396,3.904
Coneflower,Trash Knob,0.657,940545.029785156133585,3763.701218044484449,3,"1",777763.132,82.693
Coneflower,Trash Knob,0.657,940545.029785156133585,3763.701218044484449,6,"2",20879.860,2.220
Seven Knobs,Seven Knobs,8.832,1705336.838134765625000,6824.081639499265293,52,"5",35727.382,2.095
Seven Knobs,Seven Knobs,8.832,1705336.838134765625000,6824.081639499265293,23,"3",4499.371,0.264
Seven Knobs,Seven Knobs,8.832,1705336.838134765625000,6824.081639499265293,1,"7",144150.087,8.453
Seven Knobs,Seven Knobs,8.832,1705336.838134765625000,6824.081639499265293,281,"4",91080.152,5.341
Seven Knobs,Seven Knobs,8.832,1705336.838134765625000,6824.081639499265293,3,"1",1310239.105,76.832
Seven Knobs,Seven Knobs,8.832,1705336.838134765625000,6824.081639499265293,6,"2",119408.021,7.002
Prairie Potholes,Prairie Potholes,26.588,1883045.351684570312500,7560.867441957494520,52,"5",24970.797,1.326
Prairie Potholes,Prairie Potholes,26.588,1883045.351684570312500,7560.867441957494520,23,"3",6299.139,0.335
Prairie Potholes,Prairie Potholes,26.588,1883045.351684570312500,7560.867441957494520,1,"7",105438.003,5.599
Prairie Potholes,Prairie Potholes,26.588,1883045.351684570312500,7560.867441957494520,281,"4",61258.629,3.253
Prairie Potholes,Prairie Potholes,26.588,1883045.351684570312500,7560.867441957494520,3,"1",1466208.209,77.864
Prairie Potholes,Prairie Potholes,26.588,1883045.351684570312500,7560.867441957494520,6,"2",218615.070,11.610
Knittentail Knob,Knittentail Knob,12.527,1522576.549682617187500,6125.211611790601637,52,"5",2699.623,0.177
Knittentail Knob,Knittentail Knob,12.527,1522576.549682617187500,6125.211611790601637,23,"3",53970.706,3.545
Knittentail Knob,Knittentail Knob,12.527,1522576.549682617187500,6125.211611790601637,1,"7",83281.452,5.470
Knittentail Knob,Knittentail Knob,12.527,1522576.549682617187500,6125.211611790601637,281,"4",17421.706,1.144
Knittentail Knob,Knittentail Knob,12.527,1522576.549682617187500,6125.211611790601637,3,"1",782562.094,51.397
Knittentail Knob,Knittentail Knob,12.527,1522576.549682617187500,6125.211611790601637,6,"2",582423.572,38.252
Oak Island,Oak Island,11.549,1471047.363403320312500,5898.434822534222803,52,"5",2699.623,0.184
Oak Island,Oak Island,11.549,1471047.363403320312500,5898.434822534222803,23,"3",2699.617,0.184
Oak Island,Oak Island,11.549,1471047.363403320312500,5898.434822534222803,1,"7",40474.273,2.751
Oak Island,Oak Island,11.549,1471047.363403320312500,5898.434822534222803,281,"4",37794.755,2.569
Oak Island,Oak Island,11.549,1471047.363403320312500,5898.434822534222803,3,"1",1048112.048,71.249
Oak Island,Oak Island,11.549,1471047.363403320312500,5898.434822534222803,6,"2",339061.531,23.049
Coyote Point,Coyote Point,2.418,1107568.531494140625000,4431.934130972562343,52,"5",2699.623,0.244
Coyote Point,Coyote Point,2.418,1107568.531494140625000,4431.934130972562343,23,"3",899.876,0.081
Coyote Point,Coyote Point,2.418,1107568.531494140625000,4431.934130972562343,1,"7",33788.907,3.051
Coyote Point,Coyote Point,2.418,1107568.531494140625000,4431.934130972562343,281,"4",39007.226,3.522
Coyote Point,Coyote Point,2.418,1107568.531494140625000,4431.934130972562343,3,"1",964826.161,87.112
Coyote Point,Coyote Point,2.418,1107568.531494140625000,4431.934130972562343,6,"2",66193.705,5.976
Tim's Knob,Tim's Knob,2.670,1107918.956909179687500,4434.764949368808630,52,"5",2699.623,0.244
Tim's Knob,Tim's Knob,2.670,1107918.956909179687500,4434.764949368808630,23,"3",3599.521,0.325
Tim's Knob,Tim's Knob,2.670,1107918.956909179687500,4434.764949368808630,1,"7",34930.170,3.153
Tim's Knob,Tim's Knob,2.670,1107918.956909179687500,4434.764949368808630,281,"4",36894.889,3.330
Tim's Knob,Tim's Knob,2.670,1107918.956909179687500,4434.764949368808630,3,"1",953693.447,86.080
Tim's Knob,Tim's Knob,2.670,1107918.956909179687500,4434.764949368808630,6,"2",75949.700,6.855
Main Unit Knobs,Main Unit Knobs,30.830,2232120.405639648437500,9304.090731530881385,52,"5",19007.064,0.852
Main Unit Knobs,Main Unit Knobs,30.830,2232120.405639648437500,9304.090731530881385,23,"3",150614.558,6.748
Main Unit Knobs,Main Unit Knobs,30.830,2232120.405639648437500,9304.090731530881385,1,"7",212735.311,9.531
Main Unit Knobs,Main Unit Knobs,30.830,2232120.405639648437500,9304.090731530881385,281,"4",65644.136,2.941
Main Unit Knobs,Main Unit Knobs,30.830,2232120.405639648437500,9304.090731530881385,3,"1",1610992.706,72.173
Main Unit Knobs,Main Unit Knobs,30.830,2232120.405639648437500,9304.090731530881385,6,"2",172826.781,7.743
Heinkel,West Heinkel,29.979,1862113.253662109375000,7485.590379717106771,52,"5",25573.610,1.373
Heinkel,West Heinkel,29.979,1862113.253662109375000,7485.590379717106771,23,"3",101271.579,5.439
Heinkel,West Heinkel,29.979,1862113.253662109375000,7485.590379717106771,1,"7",160837.443,8.637
Heinkel,West Heinkel,29.979,1862113.253662109375000,7485.590379717106771,281,"4",38145.523,2.049
Heinkel,West Heinkel,29.979,1862113.253662109375000,7485.590379717106771,3,"1",1057682.919,56.800
Heinkel,West Heinkel,29.979,1862113.253662109375000,7485.590379717106771,6,"2",478337.738,25.688
Heinkel,East Heinkel,36.979,2512377.769409179687500,10089.435077931701016,52,"5",26996.311,1.075
Heinkel,East Heinkel,36.979,2512377.769409179687500,10089.435077931701016,23,"3",199004.504,7.921
Heinkel,East Heinkel,36.979,2512377.769409179687500,10089.435077931701016,1,"7",381593.854,15.189
Heinkel,East Heinkel,36.979,2512377.769409179687500,10089.435077931701016,281,"4",9924.519,0.395
Heinkel,East Heinkel,36.979,2512377.769409179687500,10089.435077931701016,3,"1",1484314.207,59.080
Heinkel,East Heinkel,36.979,2512377.769409179687500,10089.435077931701016,6,"2",410197.213,16.327
Naylor Road,Naylor Road,13.595,1552972.409179687732831,6213.439609532756549,23,"3",131412.571,8.462
Naylor Road,Naylor Road,13.595,1552972.409179687732831,6213.439609532756549,1,"7",339329.133,21.850
Naylor Road,Naylor Road,13.595,1552972.409179687732831,6213.439609532756549,281,"4",82101.458,5.287
Naylor Road,Naylor Road,13.595,1552972.409179687732831,6213.439609532756549,3,"1",655065.534,42.181
Naylor Road,Naylor Road,13.595,1552972.409179687732831,6213.439609532756549,6,"2",344840.933,22.205
Big Woods,Big Woods,16.734,1675311.799438476562500,6859.072628184841960,52,"5",2699.623,0.161
Big Woods,Big Woods,16.734,1675311.799438476562500,6859.072628184841960,23,"3",8440.235,0.504
Big Woods,Big Woods,16.734,1675311.799438476562500,6859.072628184841960,1,"7",81719.830,4.878
Big Woods,Big Woods,16.734,1675311.799438476562500,6859.072628184841960,281,"4",30620.377,1.828
Big Woods,Big Woods,16.734,1675311.799438476562500,6859.072628184841960,3,"1",924689.303,55.195
Big Woods,Big Woods,16.734,1675311.799438476562500,6859.072628184841960,6,"2",626905.707,37.420
Eight Oaks,Eight Oaks,7.237,1548217.726074218982831,6286.067605494761665,52,"5",2642.209,0.171
Eight Oaks,Eight Oaks,7.237,1548217.726074218982831,6286.067605494761665,23,"3",4499.371,0.291
Eight Oaks,Eight Oaks,7.237,1548217.726074218982831,6286.067605494761665,1,"7",51876.787,3.351
Eight Oaks,Eight Oaks,7.237,1548217.726074218982831,6286.067605494761665,281,"4",18317.127,1.183
Eight Oaks,Eight Oaks,7.237,1548217.726074218982831,6286.067605494761665,3,"1",1053712.936,68.060
Eight Oaks,Eight Oaks,7.237,1548217.726074218982831,6286.067605494761665,6,"2",416952.051,26.931
SE Knob,SE Knob,3.460,1181562.731811523437500,4727.801638084088154,52,"5",26996.311,2.285
SE Knob,SE Knob,3.460,1181562.731811523437500,4727.801638084088154,23,"3",170512.915,14.431
SE Knob,SE Knob,3.460,1181562.731811523437500,4727.801638084088154,1,"7",290818.842,24.613
SE Knob,SE Knob,3.460,1181562.731811523437500,4727.801638084088154,281,"4",2949.255,0.250
SE Knob,SE Knob,3.460,1181562.731811523437500,4727.801638084088154,3,"1",516647.360,43.726
SE Knob,SE Knob,3.460,1181562.731811523437500,4727.801638084088154,6,"2",173482.089,14.682
Schafer Knob,Schafer Knob,13.544,1682255.990112304687500,6797.849616051181329,52,"5",26996.311,1.605
Schafer Knob,Schafer Knob,13.544,1682255.990112304687500,6797.849616051181329,23,"3",251436.187,14.946
Schafer Knob,Schafer Knob,13.544,1682255.990112304687500,6797.849616051181329,1,"7",336086.963,19.978
Schafer Knob,Schafer Knob,13.544,1682255.990112304687500,6797.849616051181329,281,"4",31656.630,1.882
Schafer Knob,Schafer Knob,13.544,1682255.990112304687500,6797.849616051181329,3,"1",908817.412,54.024
Schafer Knob,Schafer Knob,13.544,1682255.990112304687500,6797.849616051181329,6,"2",127041.477,7.552
Isabell's Knob,Isabell's Knob,4.162,1205988.200073242187500,4827.331218860432273,23,"3",181722.627,15.068
Isabell's Knob,Isabell's Knob,4.162,1205988.200073242187500,4827.331218860432273,1,"7",156858.856,13.007
Isabell's Knob,Isabell's Knob,4.162,1205988.200073242187500,4827.331218860432273,281,"4",18153.242,1.505
Isabell's Knob,Isabell's Knob,4.162,1205988.200073242187500,4827.331218860432273,3,"1",807222.531,66.935
Isabell's Knob,Isabell's Knob,4.162,1205988.200073242187500,4827.331218860432273,6,"2",41874.043,3.472
Clear Creek,Clear Creek South,32.289,1983427.378295898437500,7935.291069248360145,23,"3",408209.000,20.581
Clear Creek,Clear Creek South,32.289,1983427.378295898437500,7935.291069248360145,1,"7",262963.437,13.258
Clear Creek,Clear Creek South,32.289,1983427.378295898437500,7935.291069248360145,281,"4",557012.787,28.083
Clear Creek,Clear Creek South,32.289,1983427.378295898437500,7935.291069248360145,3,"1",721723.744,36.388
Clear Creek,Clear Creek South,32.289,1983427.378295898437500,7935.291069248360145,6,"2",33282.589,1.678
Themla Carpenter,Thelma Carpenter,26.077,1838270.363647460937500,7354.631618384466492,23,"3",1034343.580,56.267
Themla Carpenter,Thelma Carpenter,26.077,1838270.363647460937500,7354.631618384466492,1,"7",226961.754,12.346
Themla Carpenter,Thelma Carpenter,26.077,1838270.363647460937500,7354.631618384466492,281,"4",172032.843,9.358
Themla Carpenter,Thelma Carpenter,26.077,1838270.363647460937500,7354.631618384466492,3,"1",380915.218,20.721
Themla Carpenter,Thelma Carpenter,26.077,1838270.363647460937500,7354.631618384466492,6,"2",23804.953,1.295
Stone Barn Prairie,Stone Barn Prairie,77.871,2700668.041992187500000,10866.881922245011083,23,"3",2028659.531,75.117
Stone Barn Prairie,Stone Barn Prairie,77.871,2700668.041992187500000,10866.881922245011083,1,"7",494897.679,18.325
Stone Barn Prairie,Stone Barn Prairie,77.871,2700668.041992187500000,10866.881922245011083,3,"1",152222.687,5.636
Stone Barn Prairie,Stone Barn Prairie,77.871,2700668.041992187500000,10866.881922245011083,6,"2",24610.794,0.911
Sanders,Sanders,15.127,1561508.544555664062500,6278.314573575074974,23,"3",400328.800,25.637
Sanders,Sanders,15.127,1561508.544555664062500,6278.314573575074974,1,"7",175546.448,11.242
Sanders,Sanders,15.127,1561508.544555664062500,6278.314573575074974,281,"4",364668.871,23.354
Sanders,Sanders,15.127,1561508.544555664062500,6278.314573575074974,3,"1",602157.322,38.563
Sanders,Sanders,15.127,1561508.544555664062500,6278.314573575074974,6,"2",18621.251,1.193
Sandfarm,Sandfarm,20.077,1983232.813720703125000,7951.272650406304820,23,"3",481261.992,24.267
Sandfarm,Sandfarm,20.077,1983232.813720703125000,7951.272650406304820,1,"7",222433.098,11.216
Sandfarm,Sandfarm,20.077,1983232.813720703125000,7951.272650406304820,281,"4",231462.296,11.671
Sandfarm,Sandfarm,20.077,1983232.813720703125000,7951.272650406304820,3,"1",1029243.951,51.897
Sandfarm,Sandfarm,20.077,1983232.813720703125000,7951.272650406304820,6,"2",18596.498,0.938
Gobbler,Gobbler Ridge,43.502,2141003.783203125000000,8646.498557249446094,23,"3",556202.517,25.979
Gobbler,Gobbler Ridge,43.502,2141003.783203125000000,8646.498557249446094,1,"7",316731.851,14.794
Gobbler,Gobbler Ridge,43.502,2141003.783203125000000,8646.498557249446094,281,"4",46619.468,2.177
Gobbler,Gobbler Ridge,43.502,2141003.783203125000000,8646.498557249446094,3,"1",993073.015,46.384
Gobbler,Gobbler Ridge,43.502,2141003.783203125000000,8646.498557249446094,6,"2",228109.642,10.654
Gobbler,Gobbler Bottoms,3.002,1159555.729736328125000,4639.805829331623499,23,"3",198905.615,17.154
Gobbler,Gobbler Bottoms,3.002,1159555.729736328125000,4639.805829331623499,1,"7",69760.268,6.016
Gobbler,Gobbler Bottoms,3.002,1159555.729736328125000,4639.805829331623499,281,"4",33280.065,2.870
Gobbler,Gobbler Bottoms,3.002,1159555.729736328125000,4639.805829331623499,3,"1",827945.875,71.402
Gobbler,Gobbler Bottoms,3.002,1159555.729736328125000,4639.805829331623499,6,"2",29523.633,2.546
Bishop,Bishop South,11.427,1490654.449584960937500,5964.163712669009328,23,"3",625647.786,41.971
Bishop,Bishop South,11.427,1490654.449584960937500,5964.163712669009328,1,"7",143953.431,9.657
Bishop,Bishop South,11.427,1490654.449584960937500,5964.163712669009328,281,"4",21256.526,1.426
Bishop,Bishop South,11.427,1490654.449584960937500,5964.163712669009328,3,"1",659718.403,44.257
Bishop,Bishop South,11.427,1490654.449584960937500,5964.163712669009328,6,"2",39896.053,2.676
Clear Creek,Clear Creek Knolls,166.683,3816821.493652343750000,15364.980389674617982,23,"3",1830354.343,47.955
Clear Creek,Clear Creek Knolls,166.683,3816821.493652343750000,15364.980389674617982,1,"7",557119.917,14.596
Clear Creek,Clear Creek Knolls,166.683,3816821.493652343750000,15364.980389674617982,281,"4",105904.021,2.775
Clear Creek,Clear Creek Knolls,166.683,3816821.493652343750000,15364.980389674617982,3,"1",1253826.006,32.850
Clear Creek,Clear Creek Knolls,166.683,3816821.493652343750000,15364.980389674617982,6,"2",69174.024,1.812
