Unit,Subunit,area,DN,class_area,class_perc
Big_jump_center,Orland Center,718684.505371093750000,"5",16748.645,2.330
Big_jump_center,Orland Center,718684.505371093750000,"3",68607.560,9.546
Big_jump_center,Orland Center,718684.505371093750000,"7",32022.607,4.456
Big_jump_center,Orland Center,718684.505371093750000,"4",2999.625,0.417
Big_jump_center,Orland Center,718684.505371093750000,"1",216658.577,30.147
Big_jump_center,Orland Center,718684.505371093750000,"2",381541.217,53.089
Big_jump_east,Orland East,1172730.061401367187500,"5",5977.213,0.510
Big_jump_east,Orland East,1172730.061401367187500,"3",116197.264,9.908
Big_jump_east,Orland East,1172730.061401367187500,"7",189749.742,16.180
Big_jump_east,Orland East,1172730.061401367187500,"4",18075.689,1.541
Big_jump_east,Orland East,1172730.061401367187500,"1",371983.440,31.719
Big_jump_east,Orland East,1172730.061401367187500,"2",470585.907,40.127
Big_jump_east,Orland Little Blue Production,580314.102172851562500,"5",1799.763,0.310
Big_jump_east,Orland Little Blue Production,580314.102172851562500,"3",254514.996,43.858
Big_jump_east,Orland Little Blue Production,580314.102172851562500,"7",120799.481,20.816
Big_jump_east,Orland Little Blue Production,580314.102172851562500,"4",7168.028,1.235
Big_jump_east,Orland Little Blue Production,580314.102172851562500,"1",129776.201,22.363
Big_jump_east,Orland Little Blue Production,580314.102172851562500,"2",65278.347,11.249
Big_jump_east,Orland Little Blue Production,580314.102172851562500,"0",899.886,0.155
Williams,Williams,998342.432617187500000,"3",159735.630,16.000
Williams,Williams,998342.432617187500000,"7",320847.180,32.138
Williams,Williams,998342.432617187500000,"4",899.862,0.090
Williams,Williams,998342.432617187500000,"1",306935.800,30.745
Williams,Williams,998342.432617187500000,"2",209764.993,21.011
Tellabs,Tellabs Center,765402.626220703125000,"3",15526.447,2.029
Tellabs,Tellabs Center,765402.626220703125000,"7",22230.658,2.904
Tellabs,Tellabs Center,765402.626220703125000,"1",160224.782,20.933
Tellabs,Tellabs Center,765402.626220703125000,"2",567301.777,74.118
Tellabs,Tellabs West,682984.569458007812500,"3",145251.197,21.267
Tellabs,Tellabs West,682984.569458007812500,"7",65339.890,9.567
Tellabs,Tellabs West,682984.569458007812500,"1",118347.686,17.328
Tellabs,Tellabs West,682984.569458007812500,"2",353937.652,51.822
Senger,Senger,597246.498168945428915,"3",78321.164,13.114
Senger,Senger,597246.498168945428915,"7",123262.838,20.639
Senger,Senger,597246.498168945428915,"1",175853.172,29.444
Senger,Senger,597246.498168945428915,"2",219718.578,36.789
Holland,Holland West Savanna,517572.447631835937500,"3",5944.165,1.148
Holland,Holland West Savanna,517572.447631835937500,"7",14328.640,2.768
Holland,Holland West Savanna,517572.447631835937500,"1",117423.270,22.687
Holland,Holland West Savanna,517572.447631835937500,"2",379797.237,73.380
Tellabs,Tellabs East,601994.074707031250000,"3",3143.796,0.522
Tellabs,Tellabs East,601994.074707031250000,"7",2496.997,0.415
Tellabs,Tellabs East,601994.074707031250000,"1",73730.727,12.248
Tellabs,Tellabs East,601994.074707031250000,"2",522532.580,86.800
Flagg Lowden,Flagg Lowden,527579.993774414062500,"3",36425.783,6.904
Flagg Lowden,Flagg Lowden,527579.993774414062500,"7",139065.891,26.359
Flagg Lowden,Flagg Lowden,527579.993774414062500,"4",5910.274,1.120
Flagg Lowden,Flagg Lowden,527579.993774414062500,"1",226957.314,43.019
Flagg Lowden,Flagg Lowden,527579.993774414062500,"2",119152.364,22.585
Holland,Holland Prairie,1958001.481689453125000,"5",16425.683,0.839
Holland,Holland Prairie,1958001.481689453125000,"3",355244.220,18.143
Holland,Holland Prairie,1958001.481689453125000,"7",353211.219,18.039
Holland,Holland Prairie,1958001.481689453125000,"4",46776.791,2.389
Holland,Holland Prairie,1958001.481689453125000,"1",956863.161,48.869
Holland,Holland Prairie,1958001.481689453125000,"2",229203.857,11.706
Hook Larson,Hook Larson,1114575.302124023437500,"3",10117.492,0.908
Hook Larson,Hook Larson,1114575.302124023437500,"7",92096.495,8.263
Hook Larson,Hook Larson,1114575.302124023437500,"4",4499.395,0.404
Hook Larson,Hook Larson,1114575.302124023437500,"1",778027.793,69.805
Hook Larson,Hook Larson,1114575.302124023437500,"2",229677.764,20.607
Holland,Trap and Release Pasture,657618.941284179687500,"3",4164.243,0.633
Holland,Trap and Release Pasture,657618.941284179687500,"7",34094.650,5.185
Holland,Trap and Release Pasture,657618.941284179687500,"4",899.882,0.137
Holland,Trap and Release Pasture,657618.941284179687500,"1",590227.989,89.752
Holland,Trap and Release Pasture,657618.941284179687500,"2",28144.226,4.280
Doug Dot,Doug Dot,785832.323486328125000,"3",21312.538,2.712
Doug Dot,Doug Dot,785832.323486328125000,"7",119161.157,15.164
Doug Dot,Doug Dot,785832.323486328125000,"4",6970.622,0.887
Doug Dot,Doug Dot,785832.323486328125000,"1",537822.670,68.440
Doug Dot,Doug Dot,785832.323486328125000,"2",100456.673,12.783
Doug Dot,Dot's Knob,406253.041748046933208,"3",12230.374,3.011
Doug Dot,Dot's Knob,406253.041748046933208,"7",48851.134,12.025
Doug Dot,Dot's Knob,406253.041748046933208,"4",16197.795,3.987
Doug Dot,Dot's Knob,406253.041748046933208,"1",304824.261,75.033
Doug Dot,Dot's Knob,406253.041748046933208,"2",24093.971,5.931
Doug Dot,Doug's Knob,349207.579833984375000,"3",2037.033,0.583
Doug Dot,Doug's Knob,349207.579833984375000,"7",15806.903,4.527
Doug Dot,Doug's Knob,349207.579833984375000,"4",10497.154,3.006
Doug Dot,Doug's Knob,349207.579833984375000,"1",274637.280,78.646
Doug Dot,Doug's Knob,349207.579833984375000,"2",46180.927,13.224
Leopold Knob,Leopold Knob,442062.511596679687500,"3",1799.754,0.407
Leopold Knob,Leopold Knob,442062.511596679687500,"7",16402.770,3.711
Leopold Knob,Leopold Knob,442062.511596679687500,"4",9558.851,2.162
Leopold Knob,Leopold Knob,442062.511596679687500,"1",369490.229,83.583
Leopold Knob,Leopold Knob,442062.511596679687500,"2",44749.903,10.123
Rolling Thunder Prairie,Rolling Thunder Prairie,737570.287353515625000,"5",27285.420,3.699
Rolling Thunder Prairie,Rolling Thunder Prairie,737570.287353515625000,"3",6299.160,0.854
Rolling Thunder Prairie,Rolling Thunder Prairie,737570.287353515625000,"7",88057.068,11.939
Rolling Thunder Prairie,Rolling Thunder Prairie,737570.287353515625000,"4",139155.974,18.867
Rolling Thunder Prairie,Rolling Thunder Prairie,737570.287353515625000,"1",438015.517,59.386
Rolling Thunder Prairie,Rolling Thunder Prairie,737570.287353515625000,"2",38657.307,5.241
Visitor Use Area,Visitor Use Area,525268.077758789062500,"5",24443.572,4.654
Visitor Use Area,Visitor Use Area,525268.077758789062500,"7",62289.570,11.859
Visitor Use Area,Visitor Use Area,525268.077758789062500,"4",34516.814,6.571
Visitor Use Area,Visitor Use Area,525268.077758789062500,"1",388582.280,73.978
Visitor Use Area,Visitor Use Area,525268.077758789062500,"2",15367.537,2.926
No Name Knob,No Name Knob,455625.871093750000000,"3",15060.891,3.306
No Name Knob,No Name Knob,455625.871093750000000,"7",27881.115,6.119
No Name Knob,No Name Knob,455625.871093750000000,"4",14536.378,3.190
No Name Knob,No Name Knob,455625.871093750000000,"1",363902.318,79.869
No Name Knob,No Name Knob,455625.871093750000000,"2",34185.910,7.503
Coneflower,Coneflower,506992.531494140625000,"5",9958.690,1.964
Coneflower,Coneflower,506992.531494140625000,"7",38498.197,7.593
Coneflower,Coneflower,506992.531494140625000,"4",31358.043,6.185
Coneflower,Coneflower,506992.531494140625000,"1",423650.309,83.561
Coneflower,Coneflower,506992.531494140625000,"2",3460.508,0.683
Coneflower,Trash Knob,274049.738769531250000,"7",4302.083,1.570
Coneflower,Trash Knob,274049.738769531250000,"4",21723.651,7.927
Coneflower,Trash Knob,274049.738769531250000,"1",247987.701,90.490
Seven Knobs,Seven Knobs,656894.574829101562500,"5",20295.426,3.090
Seven Knobs,Seven Knobs,656894.574829101562500,"3",1799.754,0.274
Seven Knobs,Seven Knobs,656894.574829101562500,"7",70256.877,10.695
Seven Knobs,Seven Knobs,656894.574829101562500,"4",20532.374,3.126
Seven Knobs,Seven Knobs,656894.574829101562500,"1",537123.455,81.767
Seven Knobs,Seven Knobs,656894.574829101562500,"2",6795.052,1.034
Prairie Potholes,Prairie Potholes,750807.361206054687500,"5",7919.621,1.055
Prairie Potholes,Prairie Potholes,750807.361206054687500,"3",899.875,0.120
Prairie Potholes,Prairie Potholes,750807.361206054687500,"7",17396.271,2.317
Prairie Potholes,Prairie Potholes,750807.361206054687500,"4",18462.234,2.459
Prairie Potholes,Prairie Potholes,750807.361206054687500,"1",695540.540,92.639
Prairie Potholes,Prairie Potholes,750807.361206054687500,"2",10488.566,1.397
Knittentail Knob,Knittentail Knob,567491.237304687500000,"5",2699.623,0.476
Knittentail Knob,Knittentail Knob,567491.237304687500000,"3",1799.741,0.317
Knittentail Knob,Knittentail Knob,567491.237304687500000,"7",17804.294,3.137
Knittentail Knob,Knittentail Knob,567491.237304687500000,"4",6299.105,1.110
Knittentail Knob,Knittentail Knob,567491.237304687500000,"1",297150.991,52.362
Knittentail Knob,Knittentail Knob,567491.237304687500000,"2",241656.488,42.583
Oak Island,Oak Island,541749.940307617187500,"5",2699.623,0.498
Oak Island,Oak Island,541749.940307617187500,"3",899.876,0.166
Oak Island,Oak Island,541749.940307617187500,"7",19793.213,3.654
Oak Island,Oak Island,541749.940307617187500,"4",10080.831,1.861
Oak Island,Oak Island,541749.940307617187500,"1",449895.066,83.045
Oak Island,Oak Island,541749.940307617187500,"2",58305.834,10.762
Coyote Point,Coyote Point,357619.990112304687500,"5",2699.623,0.755
Coyote Point,Coyote Point,357619.990112304687500,"3",899.876,0.252
Coyote Point,Coyote Point,357619.990112304687500,"7",19108.877,5.343
Coyote Point,Coyote Point,357619.990112304687500,"4",2687.987,0.752
Coyote Point,Coyote Point,357619.990112304687500,"1",331274.401,92.633
Coyote Point,Coyote Point,357619.990112304687500,"2",899.876,0.252
Tim's Knob,Tim's Knob,358078.259765625000000,"3",899.876,0.251
Tim's Knob,Tim's Knob,358078.259765625000000,"7",5415.983,1.513
Tim's Knob,Tim's Knob,358078.259765625000000,"4",7687.597,2.147
Tim's Knob,Tim's Knob,358078.259765625000000,"1",342488.056,95.646
Tim's Knob,Tim's Knob,358078.259765625000000,"2",1537.818,0.429
Main Unit Knobs,Main Unit Knobs,955935.259033203125000,"3",27858.803,2.914
Main Unit Knobs,Main Unit Knobs,955935.259033203125000,"7",51098.694,5.345
Main Unit Knobs,Main Unit Knobs,955935.259033203125000,"4",39181.193,4.099
Main Unit Knobs,Main Unit Knobs,955935.259033203125000,"1",752224.250,78.690
Main Unit Knobs,Main Unit Knobs,955935.259033203125000,"2",85443.055,8.938
Heinkel,West Heinkel,738837.247802734375000,"3",36346.999,4.919
Heinkel,West Heinkel,738837.247802734375000,"7",28157.850,3.811
Heinkel,West Heinkel,738837.247802734375000,"4",29616.805,4.009
Heinkel,West Heinkel,738837.247802734375000,"1",471827.914,63.861
Heinkel,West Heinkel,738837.247802734375000,"2",172782.652,23.386
Heinkel,East Heinkel,1086889.545166015625000,"5",23396.792,2.153
Heinkel,East Heinkel,1086889.545166015625000,"3",62015.427,5.706
Heinkel,East Heinkel,1086889.545166015625000,"7",108247.243,9.959
Heinkel,East Heinkel,1086889.545166015625000,"4",2699.619,0.248
Heinkel,East Heinkel,1086889.545166015625000,"1",654518.012,60.219
Heinkel,East Heinkel,1086889.545166015625000,"2",235862.580,21.701
Naylor Road,Naylor Road,580265.835205078125000,"3",118101.583,20.353
Naylor Road,Naylor Road,580265.835205078125000,"7",118426.995,20.409
Naylor Road,Naylor Road,580265.835205078125000,"4",36118.521,6.224
Naylor Road,Naylor Road,580265.835205078125000,"1",237961.783,41.009
Naylor Road,Naylor Road,580265.835205078125000,"2",69573.820,11.990
Big Woods,Big Woods,652120.509155273437500,"3",1799.741,0.276
Big Woods,Big Woods,652120.509155273437500,"7",15847.203,2.430
Big Woods,Big Woods,652120.509155273437500,"4",4169.522,0.639
Big Woods,Big Woods,652120.509155273437500,"1",359789.903,55.172
Big Woods,Big Woods,652120.509155273437500,"2",270422.257,41.468
Eight Oaks,Eight Oaks,583390.034667968750000,"5",2642.209,0.453
Eight Oaks,Eight Oaks,583390.034667968750000,"3",2699.616,0.463
Eight Oaks,Eight Oaks,583390.034667968750000,"7",28369.673,4.863
Eight Oaks,Eight Oaks,583390.034667968750000,"4",3674.048,0.630
Eight Oaks,Eight Oaks,583390.034667968750000,"1",487306.031,83.530
Eight Oaks,Eight Oaks,583390.034667968750000,"2",58616.562,10.048
SE Knob,SE Knob,394561.057128906250000,"5",6442.724,1.633
SE Knob,SE Knob,394561.057128906250000,"3",31277.275,7.927
SE Knob,SE Knob,394561.057128906250000,"7",133200.964,33.759
SE Knob,SE Knob,394561.057128906250000,"1",179325.244,45.449
SE Knob,SE Knob,394561.057128906250000,"2",44262.637,11.218
Schafer Knob,Schafer Knob,653699.186767578125000,"5",17978.593,2.750
Schafer Knob,Schafer Knob,653699.186767578125000,"3",71873.163,10.995
Schafer Knob,Schafer Knob,653699.186767578125000,"7",144574.161,22.116
Schafer Knob,Schafer Knob,653699.186767578125000,"4",2378.741,0.364
Schafer Knob,Schafer Knob,653699.186767578125000,"1",369294.164,56.493
Schafer Knob,Schafer Knob,653699.186767578125000,"2",47514.344,7.269
Isabell's Knob,Isabell's Knob,406971.190673828125000,"3",53082.085,13.043
Isabell's Knob,Isabell's Knob,406971.190673828125000,"7",55061.945,13.530
Isabell's Knob,Isabell's Knob,406971.190673828125000,"4",511.781,0.126
Isabell's Knob,Isabell's Knob,406971.190673828125000,"1",265275.868,65.183
Isabell's Knob,Isabell's Knob,406971.190673828125000,"2",32986.458,8.105
Clear Creek,Clear Creek South,795495.949829101562500,"3",85419.029,10.738
Clear Creek,Clear Creek South,795495.949829101562500,"7",115716.614,14.546
Clear Creek,Clear Creek South,795495.949829101562500,"4",259316.922,32.598
Clear Creek,Clear Creek South,795495.949829101562500,"1",319438.954,40.156
Clear Creek,Clear Creek South,795495.949829101562500,"2",15510.558,1.950
Themla Carpenter,Thelma Carpenter,722914.827026367303915,"3",409086.863,56.589
Themla Carpenter,Thelma Carpenter,722914.827026367303915,"7",100981.058,13.969
Themla Carpenter,Thelma Carpenter,722914.827026367303915,"4",37072.415,5.128
Themla Carpenter,Thelma Carpenter,722914.827026367303915,"1",173391.184,23.985
Themla Carpenter,Thelma Carpenter,722914.827026367303915,"2",2300.296,0.318
Stone Barn Prairie,Stone Barn Prairie,1170082.233398437500000,"3",795706.235,68.004
Stone Barn Prairie,Stone Barn Prairie,1170082.233398437500000,"7",279639.818,23.899
Stone Barn Prairie,Stone Barn Prairie,1170082.233398437500000,"1",79740.597,6.815
Stone Barn Prairie,Stone Barn Prairie,1170082.233398437500000,"2",14873.592,1.271
Sanders,Sanders,585906.955078125000000,"3",138744.756,23.680
Sanders,Sanders,585906.955078125000000,"7",73248.450,12.502
Sanders,Sanders,585906.955078125000000,"4",137075.787,23.395
Sanders,Sanders,585906.955078125000000,"1",230468.984,39.335
Sanders,Sanders,585906.955078125000000,"2",6299.267,1.075
Sandfarm,Sandfarm,808964.374267578125000,"3",182327.844,22.538
Sandfarm,Sandfarm,808964.374267578125000,"7",101875.101,12.593
Sandfarm,Sandfarm,808964.374267578125000,"4",112094.284,13.857
Sandfarm,Sandfarm,808964.374267578125000,"1",406271.496,50.221
Sandfarm,Sandfarm,808964.374267578125000,"2",6299.267,0.779
Gobbler,Gobbler Ridge,884704.940307617187500,"3",154155.485,17.425
Gobbler,Gobbler Ridge,884704.940307617187500,"7",136814.995,15.464
Gobbler,Gobbler Ridge,884704.940307617187500,"4",23162.747,2.618
Gobbler,Gobbler Ridge,884704.940307617187500,"1",484200.958,54.730
Gobbler,Gobbler Ridge,884704.940307617187500,"2",86260.021,9.750
Gobbler,Gobbler Bottoms,383560.240600585937500,"3",20786.236,5.419
Gobbler,Gobbler Bottoms,383560.240600585937500,"7",9159.935,2.388
Gobbler,Gobbler Bottoms,383560.240600585937500,"4",7494.723,1.954
Gobbler,Gobbler Bottoms,383560.240600585937500,"1",326380.490,85.092
Gobbler,Gobbler Bottoms,383560.240600585937500,"2",19692.389,5.134
Bishop,Bishop South,549106.516357421875000,"3",228090.498,41.538
Bishop,Bishop South,549106.516357421875000,"7",57113.285,10.401
Bishop,Bishop South,549106.516357421875000,"4",4499.444,0.819
Bishop,Bishop South,549106.516357421875000,"1",237779.287,43.303
Bishop,Bishop South,549106.516357421875000,"2",21557.094,3.926
Clear Creek,Clear Creek Knolls,1731064.213500976795331,"3",771353.285,44.559
Clear Creek,Clear Creek Knolls,1731064.213500976795331,"7",210226.506,12.144
Clear Creek,Clear Creek Knolls,1731064.213500976795331,"4",47030.777,2.717
Clear Creek,Clear Creek Knolls,1731064.213500976795331,"1",653042.802,37.725
Clear Creek,Clear Creek Knolls,1731064.213500976795331,"2",49209.806,2.843
