site,area_ha,area_m,cover_class,cover_class_area,class_percentage
big_woods,16.734,4894598.665,2,1525708.909,31.171
big_woods,16.734,4894598.665,1,2594823.273,53.014
big_woods,16.734,4894598.665,7,358170.843,7.318
big_woods,16.734,4894598.665,5,58491.919,1.195
big_woods,16.734,4894598.665,4,73554.927,1.503
big_woods,16.734,4894598.665,3,283156.824,5.785
bishop_south,11.427,4551074.564,1,1838027.625,40.387
bishop_south,11.427,4551074.564,2,472712.561,10.387
bishop_south,11.427,4551074.564,3,1563514.726,34.355
bishop_south,11.427,4551074.564,4,136221.156,2.993
bishop_south,11.427,4551074.564,7,540043.881,11.866
clear_creek_knolls,166.683,9113144.525,3,4778529.353,52.436
clear_creek_knolls,166.683,9113144.525,2,263303.572,2.889
clear_creek_knolls,166.683,9113144.525,1,2424304.442,26.602
clear_creek_knolls,166.683,9113144.525,7,1340454.047,14.709
clear_creek_knolls,166.683,9113144.525,5,4499.554,0.049
clear_creek_knolls,166.683,9113144.525,4,300994.777,3.303
clear_creek_south,32.289,5536596.657,7,703064.313,12.698
clear_creek_south,32.289,5536596.657,1,1833953.454,33.124
clear_creek_south,32.289,5536596.657,5,20528.628,0.371
clear_creek_south,32.289,5536596.657,4,921975.37,16.652
clear_creek_south,32.289,5536596.657,3,1968937.118,35.562
clear_creek_south,32.289,5536596.657,2,87476.777,1.58
conflower_trash_knob,6.861,4356612.199,5,45358.661,1.041
conflower_trash_knob,6.861,4356612.199,7,433677.924,9.954
conflower_trash_knob,6.861,4356612.199,2,261082.788,5.993
conflower_trash_knob,6.861,4356612.199,1,2820568.535,64.742
conflower_trash_knob,6.861,4356612.199,4,394350.327,9.052
conflower_trash_knob,6.861,4356612.199,3,400998.474,9.204
dots_knob,3.88,3973548.474,7,341683.12,8.599
dots_knob,3.88,3973548.474,1,2715405.83,68.337
dots_knob,3.88,3973548.474,2,627043.59,15.78
dots_knob,3.88,3973548.474,3,64286.868,1.618
dots_knob,3.88,3973548.474,4,191289.98,4.814
dots_knob,3.88,3973548.474,5,33295.625,0.838
doug_dot_unit,20.801,5361643.614,2,992664.528,18.514
doug_dot_unit,20.801,5361643.614,1,3464156.377,64.61
doug_dot_unit,20.801,5361643.614,7,444218.256,8.285
doug_dot_unit,20.801,5361643.614,5,35995.248,0.671
doug_dot_unit,20.801,5361643.614,4,212454.363,3.962
doug_dot_unit,20.801,5361643.614,3,211415.495,3.943
dougs_knob,2.5,3748787.494,5,35995.248,0.96
dougs_knob,2.5,3748787.494,7,328558.501,8.764
dougs_knob,2.5,3748787.494,1,2402411.68,64.085
dougs_knob,2.5,3748787.494,2,849833.705,22.67
dougs_knob,2.5,3748787.494,3,30311.719,0.809
dougs_knob,2.5,3748787.494,4,101158.694,2.698
east_hienkel,36.979,6465234.588,2,1171150.649,18.115
east_hienkel,36.979,6465234.588,1,3208575.423,49.628
east_hienkel,36.979,6465234.588,7,1090001.93,16.859
east_hienkel,36.979,6465234.588,5,35379.823,0.547
east_hienkel,36.979,6465234.588,4,175542.115,2.715
east_hienkel,36.979,6465234.588,3,783689.646,12.122
eight_oaks,7.237,4645560.255,7,301912.494,6.499
eight_oaks,7.237,4645560.255,5,40267.788,0.867
eight_oaks,7.237,4645560.255,4,100899.778,2.172
eight_oaks,7.237,4645560.255,3,183949.861,3.96
eight_oaks,7.237,4645560.255,2,1306001.114,28.113
eight_oaks,7.237,4645560.255,1,2711877.449,58.376
flag_lowden,7.493,4454448.515,4,54759.386,1.229
flag_lowden,7.493,4454448.515,3,839761.866,18.852
flag_lowden,7.493,4454448.515,6,899.874,0.02
flag_lowden,7.493,4454448.515,5,49688.92,1.115
flag_lowden,7.493,4454448.515,2,637466.512,14.311
flag_lowden,7.493,4454448.515,1,2105443.043,47.266
flag_lowden,7.493,4454448.515,7,765851.658,17.193
gobbler_ridge,3.002,3888852.458,1,1925978.716,49.526
gobbler_ridge,3.002,3888852.458,2,181250.6,4.661
gobbler_ridge,3.002,3888852.458,3,1197138.851,30.784
gobbler_ridge,3.002,3888852.458,4,168801.316,4.341
gobbler_ridge,3.002,3888852.458,7,415212.614,10.677
gobbler_ridge,43.502,5823016.721,3,1615363.943,27.741
gobbler_ridge,43.502,5823016.721,2,641530.081,11.017
gobbler_ridge,43.502,5823016.721,1,2609666.788,44.816
gobbler_ridge,43.502,5823016.721,7,809675.679,13.905
gobbler_ridge,43.502,5823016.721,5,3529.698,0.061
gobbler_ridge,43.502,5823016.721,4,142522.932,2.448
holland_prairie_east,130.804,9742863.722,1,4210713.224,43.218
holland_prairie_east,130.804,9742863.722,2,1910838.327,19.613
holland_prairie_east,130.804,9742863.722,3,893035.122,9.166
holland_prairie_east,130.804,9742863.722,4,713552.31,7.324
holland_prairie_east,130.804,9742863.722,5,172036.076,1.766
holland_prairie_east,130.804,9742863.722,6,2699.62,0.028
holland_prairie_east,130.804,9742863.722,7,1838613.537,18.871
holland_prairie_west,130.804,9742863.722,1,4210713.224,43.218
holland_prairie_west,130.804,9742863.722,2,1910838.327,19.613
holland_prairie_west,130.804,9742863.722,3,893035.122,9.166
holland_prairie_west,130.804,9742863.722,4,713552.31,7.324
holland_prairie_west,130.804,9742863.722,5,172036.076,1.766
holland_prairie_west,130.804,9742863.722,6,2699.62,0.028
holland_prairie_west,130.804,9742863.722,7,1838613.537,18.871
hook_larson,58.775,6812549.335,1,3143453.464,46.142
hook_larson,58.775,6812549.335,2,1871734.163,27.475
hook_larson,58.775,6812549.335,3,565989.477,8.308
hook_larson,58.775,6812549.335,4,251769.512,3.696
hook_larson,58.775,6812549.335,5,35135.221,0.516
hook_larson,58.775,6812549.335,7,943529.411,13.85
isabells_knob,4.162,3981234.993,5,56712.862,1.425
isabells_knob,4.162,3981234.993,7,587305.401,14.752
isabells_knob,4.162,3981234.993,1,2116092.158,53.152
isabells_knob,4.162,3981234.993,2,247927.489,6.227
isabells_knob,4.162,3981234.993,3,799225.541,20.075
isabells_knob,4.162,3981234.993,4,173453.293,4.357
kittentail_knob,12.527,4608441.77,1,2378026.055,51.602
kittentail_knob,12.527,4608441.77,4,51998.031,1.128
kittentail_knob,12.527,4608441.77,5,38803.479,0.842
kittentail_knob,12.527,4608441.77,2,1349727.564,29.288
kittentail_knob,12.527,4608441.77,3,477233.17,10.356
kittentail_knob,12.527,4608441.77,7,311994.647,6.77
leopold_knob,4.976,4095490.151,7,344298.662,8.407
leopold_knob,4.976,4095490.151,5,35995.248,0.879
leopold_knob,4.976,4095490.151,3,27727.968,0.677
leopold_knob,4.976,4095490.151,4,133459.729,3.259
leopold_knob,4.976,4095490.151,1,2561185.166,62.537
leopold_knob,4.976,4095490.151,2,992257.445,24.228
main_unit_knobs,30.83,5940594.484,5,62991.559,1.06
main_unit_knobs,30.83,5940594.484,3,847246.331,14.262
main_unit_knobs,30.83,5940594.484,4,236203.43,3.976
main_unit_knobs,30.83,5940594.484,1,3104966.238,52.267
main_unit_knobs,30.83,5940594.484,2,945478.368,15.916
main_unit_knobs,30.83,5940594.484,7,742910.957,12.506
naylor_road,13.595,4675707.781,2,1115398.048,23.855
naylor_road,13.595,4675707.781,3,466241.974,9.972
naylor_road,13.595,4675707.781,1,1989603.172,42.552
naylor_road,13.595,4675707.781,7,837283.49,17.907
naylor_road,13.595,4675707.781,4,239513.7,5.123
naylor_road,13.595,4675707.781,5,26996.311,0.577
no_name_knob,6.791,4174546.43,5,55317.52,1.325
no_name_knob,6.791,4174546.43,7,503347.642,12.058
no_name_knob,6.791,4174546.43,2,194047.886,4.648
no_name_knob,6.791,4174546.43,1,2405660.897,57.627
no_name_knob,6.791,4174546.43,4,341298.788,8.176
no_name_knob,6.791,4174546.43,3,674331.987,16.153
oak_island,11.549,4504181.822,1,2701120.108,59.969
oak_island,11.549,4504181.822,3,203006.971,4.507
oak_island,11.549,4504181.822,2,1142926.693,25.375
oak_island,11.549,4504181.822,5,40494.503,0.899
oak_island,11.549,4504181.822,4,80185.733,1.78
oak_island,11.549,4504181.822,7,335817.966,7.456
big_jump_center,24.973,5224155.74,7,753701.258,14.427
big_jump_center,24.973,5224155.74,5,259455.637,4.966
big_jump_center,24.973,5224155.74,6,2525.801,0.048
big_jump_center,24.973,5224155.74,3,602122.655,11.526
big_jump_center,24.973,5224155.74,4,21706.339,0.415
big_jump_center,24.973,5224155.74,1,1301315.801,24.91
big_jump_center,24.973,5224155.74,2,2282559.481,43.692
big_jump_east,74.306,6842017.202,3,1688448.731,24.678
big_jump_east,74.306,6842017.202,4,32788.743,0.479
big_jump_east,74.306,6842017.202,5,288603.316,4.218
big_jump_east,74.306,6842017.202,6,3599.489,0.053
big_jump_east,74.306,6842017.202,0,899.886,0.013
big_jump_east,74.306,6842017.202,1,1290759.349,18.865
big_jump_east,74.306,6842017.202,2,2142681.892,31.317
big_jump_east,74.306,6842017.202,7,1393282.303,20.364
praire_potholes,26.588,5317480.45,2,1208003.689,22.718
praire_potholes,26.588,5317480.45,3,245106.633,4.609
praire_potholes,26.588,5317480.45,1,3115815.413,58.596
praire_potholes,26.588,5317480.45,7,403745.777,7.593
praire_potholes,26.588,5317480.45,4,291460.037,5.481
praire_potholes,26.588,5317480.45,5,52623.767,0.99
rolling_thunder,21.199,5263230.407,7,453548.678,8.617
rolling_thunder,21.199,5263230.407,5,35833.553,0.681
rolling_thunder,21.199,5263230.407,4,859039.198,16.322
rolling_thunder,21.199,5263230.407,3,326655.814,6.206
rolling_thunder,21.199,5263230.407,2,544909.481,10.353
rolling_thunder,21.199,5263230.407,1,3042542.925,57.808
sanders,15.127,4689662.775,7,490491.074,10.459
sanders,15.127,4689662.775,3,1269268.081,27.065
sanders,15.127,4689662.775,4,923339.391,19.689
sanders,15.127,4689662.775,1,1958877.585,41.77
sanders,15.127,4689662.775,2,47126.692,1.005
sandfarm,20.077,5480223.381,1,2485264.245,45.35
sandfarm,20.077,5480223.381,4,838272.866,15.296
sandfarm,20.077,5480223.381,2,91092.122,1.662
sandfarm,20.077,5480223.381,3,1445479.86,26.376
sandfarm,20.077,5480223.381,7,619464.013,11.304
schafer_knob,13.544,4903119.697,5,33928.678,0.692
schafer_knob,13.544,4903119.697,7,821273.6,16.75
schafer_knob,13.544,4903119.697,2,635620.455,12.964
schafer_knob,13.544,4903119.697,1,2337073.765,47.665
schafer_knob,13.544,4903119.697,4,132211.418,2.696
schafer_knob,13.544,4903119.697,3,942367.386,19.22
SE_knob,3.46,3932887.933,7,718821.758,18.277
SE_knob,3.46,3932887.933,5,26996.311,0.686
SE_knob,3.46,3932887.933,4,68450.041,1.74
SE_knob,3.46,3932887.933,3,764188.204,19.431
SE_knob,3.46,3932887.933,2,704816.064,17.921
SE_knob,3.46,3932887.933,1,1649096.737,41.931
sengers,16.077,4743629.877,1,1874206.891,39.51
sengers,16.077,4743629.877,4,23396.318,0.493
sengers,16.077,4743629.877,5,8098.711,0.171
sengers,16.077,4743629.877,2,1375123.944,28.989
sengers,16.077,4743629.877,3,550276.793,11.6
sengers,16.077,4743629.877,7,911800.717,19.222
seven_knobs,8.832,4978256.29,7,348932.31,7.009
seven_knobs,8.832,4978256.29,5,35727.382,0.718
seven_knobs,8.832,4978256.29,3,168119.083,3.377
seven_knobs,8.832,4978256.29,4,476422.049,9.57
seven_knobs,8.832,4978256.29,1,2972136.581,59.702
seven_knobs,8.832,4978256.29,2,976241.984,19.61
stone_barn_prairie,77.871,6908069.734,2,51294.313,0.743
stone_barn_prairie,77.871,6908069.734,3,4864188.612,70.413
stone_barn_prairie,77.871,6908069.734,1,807646.31,11.691
stone_barn_prairie,77.871,6908069.734,7,1012357.81,14.655
stone_barn_prairie,77.871,6908069.734,4,171153.252,2.478
stone_barn_prairie,77.871,6908069.734,5,721.115,0.01
tellabs_center,31.942,5416254.669,5,24296.385,0.449
tellabs_center,31.942,5416254.669,4,19670.749,0.363
tellabs_center,31.942,5416254.669,3,1144496.142,21.131
tellabs_center,31.942,5416254.669,2,1869349.077,34.514
tellabs_center,31.942,5416254.669,1,1532050.424,28.286
tellabs_center,31.942,5416254.669,7,825557.611,15.242
tellabs_center,16.371,4762109.035,7,507177.42,10.65
tellabs_west,22.35,5086558.763,5,24296.368,0.478
tellabs_west,22.35,5086558.763,4,14799.295,0.291
tellabs_west,22.35,5086558.763,7,888633.608,17.47
tellabs_west,22.35,5086558.763,1,1069348.296,21.023
tellabs_west,22.35,5086558.763,3,1469173.692,28.883
tellabs_west,22.35,5086558.763,2,1619502.007,31.839
thelma_carpenter,26.077,5246303.556,7,683937.302,13.037
thelma_carpenter,26.077,5246303.556,2,81136.685,1.547
thelma_carpenter,26.077,5246303.556,1,1053776.651,20.086
thelma_carpenter,26.077,5246303.556,4,746035.588,14.22
thelma_carpenter,26.077,5246303.556,3,2680814.639,51.099
trap_release_prairie,19.123,4929685.078,1,2918848.455,59.21
trap_release_prairie,19.123,4929685.078,5,43464.436,0.882
trap_release_prairie,19.123,4929685.078,4,200059.554,4.058
trap_release_prairie,19.123,4929685.078,3,562677.543,11.414
trap_release_prairie,19.123,4929685.078,2,361187.332,7.327
trap_release_prairie,19.123,4929685.078,7,841888.48,17.078
trap_release_prairie,19.123,4929685.078,6,899.874,0.018
visitor_area,11.235,4455684.49,1,2691143.705,60.398
visitor_area,11.235,4455684.49,4,607548.385,13.635
visitor_area,11.235,4455684.49,5,35995.248,0.808
visitor_area,11.235,4455684.49,2,139110.551,3.122
visitor_area,11.235,4455684.49,3,531871.873,11.937
visitor_area,11.235,4455684.49,7,449435.626,10.087
west_hienkel,29.979,5281604.553,4,134301.19,2.543
west_hienkel,29.979,5281604.553,3,615321.87,11.65
west_hienkel,29.979,5281604.553,5,29695.935,0.562
west_hienkel,29.979,5281604.553,2,928575.209,17.581
west_hienkel,29.979,5281604.553,1,2815789.08,53.313
west_hienkel,29.979,5281604.553,7,757171.112,14.336
williams,62.285,6305964.42,5,54390.786,0.863
williams,62.285,6305964.42,6,899.847,0.014
williams,62.285,6305964.42,7,1702194.845,26.993
williams,62.285,6305964.42,1,1639067.787,25.992
williams,62.285,6305964.42,2,1597156.497,25.328
williams,62.285,6305964.42,3,1309452.724,20.765
williams,62.285,6305964.42,4,1799.717,0.029
